backend,seed,run_name,iteration,mean_reward,train_wall_s,total_fps
physx,0,physx_s0,0,-0.562590,0.0000,38028.0
physx,0,physx_s0,1,-0.834922,0.3524,142136.0
physx,0,physx_s0,2,-1.397632,0.7011,142623.0
physx,0,physx_s0,3,-1.896685,1.0608,138188.0
physx,0,physx_s0,4,-2.384995,1.4181,139172.0
physx,0,physx_s0,5,-2.665857,1.7718,140503.0
physx,0,physx_s0,6,-2.900459,2.1387,135400.0
physx,0,physx_s0,7,-3.318476,2.4977,138424.0
physx,0,physx_s0,8,-3.365950,2.8628,135967.0
physx,0,physx_s0,9,-3.649401,3.2169,140265.0
physx,0,physx_s0,10,-3.823272,3.5657,142665.0
physx,0,physx_s0,11,-4.004621,3.9247,138353.0
physx,0,physx_s0,12,-3.954775,4.2736,142444.0
physx,0,physx_s0,13,-4.108127,4.6165,145012.0
physx,0,physx_s0,14,-4.004113,4.9595,144915.0
physx,0,physx_s0,15,-4.325737,5.3012,145473.0
physx,0,physx_s0,16,-4.650609,5.6444,144917.0
physx,0,physx_s0,17,-4.675104,5.9840,146432.0
physx,0,physx_s0,18,-5.380168,6.3205,147716.0
physx,0,physx_s0,19,-5.557279,6.6597,146872.0
physx,0,physx_s0,20,-4.851861,7.0047,144313.0
physx,0,physx_s0,21,-5.398917,7.3542,144699.0
physx,0,physx_s0,22,-5.562991,7.7072,140899.0
physx,0,physx_s0,23,-5.663613,8.0482,145675.0
physx,0,physx_s0,24,-5.876229,8.3877,146283.0
physx,0,physx_s0,25,-5.809422,8.7266,146484.0
physx,0,physx_s0,26,-6.021521,9.0625,147859.0
physx,0,physx_s0,27,-5.706977,9.3990,147551.0
physx,0,physx_s0,28,-6.109691,9.7429,144528.0
physx,0,physx_s0,29,-6.012583,10.0970,140231.0
physx,0,physx_s0,30,-5.184804,10.4300,149252.0
physx,0,physx_s0,31,-5.282393,10.7740,144305.0
physx,0,physx_s0,32,-5.576814,11.1114,147211.0
physx,0,physx_s0,33,-6.151028,11.4481,147583.0
physx,0,physx_s0,34,-6.493186,11.7907,145076.0
physx,0,physx_s0,35,-6.102763,12.1328,145200.0
physx,0,physx_s0,36,-6.052318,12.4784,146471.0
physx,0,physx_s0,37,-5.956520,12.8149,147727.0
physx,0,physx_s0,38,-5.723946,13.1572,145145.0
physx,0,physx_s0,39,-5.294873,13.4982,145738.0
physx,0,physx_s0,40,-5.141881,13.8426,144379.0
physx,0,physx_s0,41,-5.596790,14.1862,144644.0
physx,0,physx_s0,42,-6.083356,14.5304,144256.0
physx,0,physx_s0,43,-5.032571,14.8684,146940.0
physx,0,physx_s0,44,-4.985561,15.2071,146770.0
physx,0,physx_s0,45,-4.673176,15.5473,146118.0
physx,0,physx_s0,46,-2.782036,15.8779,150439.0
physx,0,physx_s0,47,-1.794730,16.2190,145571.0
physx,0,physx_s0,48,-1.557067,16.5534,148525.0
physx,0,physx_s0,49,-0.725334,16.8863,149277.0
physx,0,physx_s0,50,-1.724671,17.2189,149348.0
physx,0,physx_s0,51,-1.566784,17.5564,151008.0
physx,0,physx_s0,52,-1.011477,17.8846,151487.0
physx,0,physx_s0,53,-0.238865,18.2139,150805.0
physx,0,physx_s0,54,0.377441,18.5407,151927.0
physx,0,physx_s0,55,1.234972,18.8724,149790.0
physx,0,physx_s0,56,1.231647,19.2015,150891.0
physx,0,physx_s0,57,0.874251,19.5322,150155.0
physx,0,physx_s0,58,2.061053,19.8707,146661.0
physx,0,physx_s0,59,1.104076,20.2036,149299.0
physx,0,physx_s0,60,1.675223,20.5361,149366.0
physx,0,physx_s0,61,3.001816,20.8773,145534.0
physx,0,physx_s0,62,2.876310,21.2195,145093.0
physx,0,physx_s0,63,2.138751,21.5595,146371.0
physx,0,physx_s0,64,1.552938,21.9044,143945.0
physx,0,physx_s0,65,2.071679,22.2403,147828.0
physx,0,physx_s0,66,3.201474,22.5789,149467.0
physx,0,physx_s0,67,3.992597,22.9201,145558.0
physx,0,physx_s0,68,4.592764,23.2516,149806.0
physx,0,physx_s0,69,3.721679,23.6009,142157.0
physx,0,physx_s0,70,3.725327,23.9373,147588.0
physx,0,physx_s0,71,4.209321,24.2846,142907.0
physx,0,physx_s0,72,5.335930,24.6219,147265.0
physx,0,physx_s0,73,6.025746,24.9660,144410.0
physx,0,physx_s0,74,5.406436,25.3007,148348.0
physx,0,physx_s0,75,5.027027,25.6410,145937.0
physx,0,physx_s0,76,4.871098,25.9824,145492.0
physx,0,physx_s0,77,6.155718,26.3179,148142.0
physx,0,physx_s0,78,6.897693,26.6566,146636.0
physx,0,physx_s0,79,6.302751,26.9974,145667.0
physx,0,physx_s0,80,6.108133,27.3309,149084.0
physx,0,physx_s0,81,5.267419,27.6605,150624.0
physx,0,physx_s0,82,5.432619,28.0126,141200.0
physx,0,physx_s0,83,6.597989,28.3615,142350.0
physx,0,physx_s0,84,7.455190,28.7090,143028.0
physx,0,physx_s0,85,7.446453,29.0454,147641.0
physx,0,physx_s0,86,6.914056,29.3867,145609.0
physx,0,physx_s0,87,6.770216,29.7369,141781.0
physx,0,physx_s0,88,7.233147,30.0760,146443.0
physx,0,physx_s0,89,6.773997,30.4127,147515.0
physx,0,physx_s0,90,6.936356,30.7548,145449.0
physx,0,physx_s0,91,6.864102,31.0941,146375.0
physx,0,physx_s0,92,7.982576,31.4271,149114.0
physx,0,physx_s0,93,8.386120,31.7679,145678.0
physx,0,physx_s0,94,8.650132,32.1180,141957.0
physx,0,physx_s0,95,8.044245,32.4546,147547.0
physx,0,physx_s0,96,8.466739,32.7953,147664.0
physx,0,physx_s0,97,8.408184,33.1405,143967.0
physx,0,physx_s0,98,8.175397,33.4753,148313.0
physx,0,physx_s0,99,8.259111,33.8195,144273.0
physx,0,physx_s0,100,8.733517,34.1568,147277.0
physx,0,physx_s0,101,9.973575,34.4953,147614.0
physx,0,physx_s0,102,10.269287,34.8355,145956.0
physx,0,physx_s0,103,9.937573,35.1843,142321.0
physx,0,physx_s0,104,9.093961,35.5321,142715.0
physx,0,physx_s0,105,9.794492,35.8811,142234.0
physx,0,physx_s0,106,9.474240,36.2239,144864.0
physx,0,physx_s0,107,9.204237,36.5769,140905.0
physx,0,physx_s0,108,9.429784,36.9249,142728.0
physx,0,physx_s0,109,9.285627,37.2632,146939.0
physx,0,physx_s0,110,10.167824,37.5980,148367.0
physx,0,physx_s0,111,10.207566,37.9390,145680.0
physx,0,physx_s0,112,8.894228,38.2858,143175.0
physx,0,physx_s0,113,9.046268,38.6505,136193.0
physx,0,physx_s0,114,9.733720,39.0002,142066.0
physx,0,physx_s0,115,9.698950,39.3426,145130.0
physx,0,physx_s0,116,9.565817,39.6816,146624.0
physx,0,physx_s0,117,9.794621,40.0249,144737.0
physx,0,physx_s0,118,10.828640,40.3713,143333.0
physx,0,physx_s0,119,11.682990,40.7182,143244.0
physx,0,physx_s0,120,11.213120,41.0607,145114.0
physx,0,physx_s0,121,10.727793,41.3961,148298.0
physx,0,physx_s0,122,11.453083,41.7401,144410.0
physx,0,physx_s0,123,10.592330,42.0742,148629.0
physx,0,physx_s0,124,10.205568,42.4134,146523.0
physx,0,physx_s0,125,11.487954,42.7511,147008.0
physx,0,physx_s0,126,11.370562,43.0988,142991.0
physx,0,physx_s0,127,10.868458,43.4366,146998.0
physx,0,physx_s0,128,11.644148,43.7770,146015.0
physx,0,physx_s0,129,11.669211,44.1212,144233.0
physx,0,physx_s0,130,11.621763,44.4524,149942.0
physx,0,physx_s0,131,11.769942,44.7988,143416.0
physx,0,physx_s0,132,12.081046,45.1449,143489.0
physx,0,physx_s0,133,12.463074,45.4840,146516.0
physx,0,physx_s0,134,11.692076,45.8236,146156.0
physx,0,physx_s0,135,12.705065,46.1558,149463.0
physx,0,physx_s0,136,13.302197,46.4941,146844.0
physx,0,physx_s0,137,12.418705,46.8352,145575.0
physx,0,physx_s0,138,11.229418,47.1751,146073.0
physx,0,physx_s0,139,11.342081,47.5155,145845.0
physx,0,physx_s0,140,11.789710,47.8593,144399.0
physx,0,physx_s0,141,12.131242,48.2009,145353.0
physx,0,physx_s0,142,11.723121,48.5395,146682.0
physx,0,physx_s0,143,11.859467,48.8849,143722.0
physx,0,physx_s0,144,12.236486,49.2257,145859.0
physx,0,physx_s0,145,12.454720,49.5670,145589.0
physx,0,physx_s0,146,13.016991,49.9126,143795.0
physx,0,physx_s0,147,12.785680,50.2511,146862.0
physx,0,physx_s0,148,12.826349,50.5944,144751.0
physx,0,physx_s0,149,14.175203,50.9378,144750.0
physx,0,physx_s0,150,12.809988,51.2770,146514.0
physx,0,physx_s0,151,13.834867,51.6276,145287.0
physx,0,physx_s0,152,13.840474,51.9730,143885.0
physx,0,physx_s0,153,13.669893,52.3157,144896.0
physx,0,physx_s0,154,13.805291,52.6572,145364.0
physx,0,physx_s0,155,13.641312,52.9911,148703.0
physx,0,physx_s0,156,13.154929,53.3337,145034.0
physx,0,physx_s0,157,14.162540,53.6794,143583.0
physx,0,physx_s0,158,14.517484,54.0211,145297.0
physx,0,physx_s0,159,14.171200,54.3620,145673.0
physx,0,physx_s0,160,14.226248,54.7044,145277.0
physx,0,physx_s0,161,13.072857,55.0518,142923.0
physx,0,physx_s0,162,13.868828,55.3889,147492.0
physx,0,physx_s0,163,15.154271,55.7235,148388.0
physx,0,physx_s0,164,15.238557,56.0628,146313.0
physx,0,physx_s0,165,14.674218,56.3953,149379.0
physx,0,physx_s0,166,15.088812,56.7442,144987.0
physx,0,physx_s0,167,15.135390,57.0859,145434.0
physx,0,physx_s0,168,15.375973,57.4250,146456.0
physx,0,physx_s0,169,15.767085,57.7666,145321.0
physx,0,physx_s0,170,16.043818,58.1075,145741.0
physx,0,physx_s0,171,16.085072,58.4463,146678.0
physx,0,physx_s0,172,16.638645,58.7893,144774.0
physx,0,physx_s0,173,16.869516,59.1303,145598.0
physx,0,physx_s0,174,16.021746,59.4668,147545.0
physx,0,physx_s0,175,15.133953,59.8058,146461.0
physx,0,physx_s0,176,15.974614,60.1385,149371.0
physx,0,physx_s0,177,17.009172,60.4786,146104.0
physx,0,physx_s0,178,17.357990,60.8216,144872.0
physx,0,physx_s0,179,16.876284,61.1580,147583.0
physx,0,physx_s0,180,16.426809,61.5014,144553.0
physx,0,physx_s0,181,16.773872,61.8503,145200.0
physx,0,physx_s0,182,17.773756,62.1970,143335.0
physx,0,physx_s0,183,17.886068,62.5358,146688.0
physx,0,physx_s0,184,17.893906,62.8792,144721.0
physx,0,physx_s0,185,17.796726,63.2192,146191.0
physx,0,physx_s0,186,17.684986,63.5615,145169.0
physx,0,physx_s0,187,17.492641,63.9053,144626.0
physx,0,physx_s0,188,18.983370,64.2446,146450.0
physx,0,physx_s0,189,19.781317,64.5873,145015.0
physx,0,physx_s0,190,19.358377,64.9369,142128.0
physx,0,physx_s0,191,18.656504,65.2787,145383.0
physx,0,physx_s0,192,18.905222,65.6338,141293.0
physx,0,physx_s0,193,18.994255,65.9786,143981.0
physx,0,physx_s0,194,18.799417,66.3204,145280.0
physx,0,physx_s0,195,19.805254,66.6629,144947.0
physx,0,physx_s0,196,19.771431,67.0107,145355.0
physx,0,physx_s0,197,20.277657,67.3466,147913.0
physx,0,physx_s0,198,19.951559,67.6916,143957.0
physx,0,physx_s0,199,19.582430,68.0373,143630.0
physx,0,physx_s0,200,20.086798,68.3836,143601.0
physx,0,physx_s0,201,19.915974,68.7363,141809.0
physx,0,physx_s0,202,20.356916,69.0872,141458.0
physx,0,physx_s0,203,20.565113,69.4397,140882.0
physx,0,physx_s0,204,20.771698,69.7916,141182.0
physx,0,physx_s0,205,21.567518,70.1331,145474.0
physx,0,physx_s0,206,21.048410,70.4697,147451.0
physx,0,physx_s0,207,21.100151,70.8144,144058.0
physx,0,physx_s0,208,21.491285,71.1562,145210.0
physx,0,physx_s0,209,22.473391,71.4948,146679.0
physx,0,physx_s0,210,22.490192,71.8302,148252.0
physx,0,physx_s0,211,21.350969,72.1828,143429.0
physx,0,physx_s0,212,22.782221,72.5270,144709.0
physx,0,physx_s0,213,22.890772,72.8635,147548.0
physx,0,physx_s0,214,22.780544,73.2066,144810.0
physx,0,physx_s0,215,23.865211,73.5501,144638.0
physx,0,physx_s0,216,24.163668,73.8918,145426.0
physx,0,physx_s0,217,23.266411,74.2301,146777.0
physx,0,physx_s0,218,22.194874,74.5636,148922.0
physx,0,physx_s0,219,22.428356,74.9107,142989.0
physx,0,physx_s0,220,22.565634,75.2594,142453.0
physx,0,physx_s0,221,22.783810,75.5984,146430.0
physx,0,physx_s0,222,22.819876,75.9380,146432.0
physx,0,physx_s0,223,24.022036,76.2749,147365.0
physx,0,physx_s0,224,24.853823,76.6227,142751.0
physx,0,physx_s0,225,24.888042,76.9670,144168.0
physx,0,physx_s0,226,24.771317,77.3046,147086.0
physx,0,physx_s0,227,24.851738,77.6540,144724.0
physx,0,physx_s0,228,25.449322,77.9967,144970.0
physx,0,physx_s0,229,25.909620,78.3379,145578.0
physx,0,physx_s0,230,25.598736,78.6792,145639.0
physx,0,physx_s0,231,24.525955,79.0226,144744.0
physx,0,physx_s0,232,24.742367,79.3603,147195.0
physx,0,physx_s0,233,25.803276,79.7012,145639.0
physx,0,physx_s0,234,26.076674,80.0481,143100.0
physx,0,physx_s0,235,25.516010,80.3827,148438.0
physx,0,physx_s0,236,25.618462,80.7282,143730.0
physx,0,physx_s0,237,25.926565,81.0709,144985.0
physx,0,physx_s0,238,25.862139,81.4063,148032.0
physx,0,physx_s0,239,26.323893,81.7530,143178.0
physx,0,physx_s0,240,25.643576,82.0931,146189.0
physx,0,physx_s0,241,25.983885,82.4361,144901.0
physx,0,physx_s0,242,26.880190,82.7936,141413.0
physx,0,physx_s0,243,26.766050,83.1361,145112.0
physx,0,physx_s0,244,26.834553,83.4765,146069.0
physx,0,physx_s0,245,27.070107,83.8285,141112.0
physx,0,physx_s0,246,26.491478,84.1693,145714.0
physx,0,physx_s0,247,25.685163,84.5099,145964.0
physx,0,physx_s0,248,26.656778,84.8485,146692.0
physx,0,physx_s0,249,26.779388,85.1895,145725.0
physx,0,physx_s0,250,26.750917,85.5257,148150.0
physx,0,physx_s0,251,26.783749,85.8665,146659.0
physx,0,physx_s0,252,27.092575,86.2045,146941.0
physx,0,physx_s0,253,27.110863,86.5436,146726.0
physx,0,physx_s0,254,27.345478,86.8898,143501.0
physx,0,physx_s0,255,27.330345,87.2303,145808.0
physx,0,physx_s0,256,27.693729,87.5932,136771.0
physx,0,physx_s0,257,27.645836,87.9445,141363.0
physx,0,physx_s0,258,27.346270,88.2914,143185.0
physx,0,physx_s0,259,27.430861,88.6313,146034.0
physx,0,physx_s0,260,28.027014,88.9684,147236.0
physx,0,physx_s0,261,27.845201,89.3134,143912.0
physx,0,physx_s0,262,27.722532,89.6632,141950.0
physx,0,physx_s0,263,28.430820,90.0102,143545.0
physx,0,physx_s0,264,28.901880,90.3494,146527.0
physx,0,physx_s0,265,28.309856,90.6976,142718.0
physx,0,physx_s0,266,27.761393,91.0456,142790.0
physx,0,physx_s0,267,27.913424,91.3969,141270.0
physx,0,physx_s0,268,27.256392,91.7455,142518.0
physx,0,physx_s0,269,27.976049,92.0917,143428.0
physx,0,physx_s0,270,28.680428,92.4392,145595.0
physx,0,physx_s0,271,28.159290,92.7864,143125.0
physx,0,physx_s0,272,28.676147,93.1246,146858.0
physx,0,physx_s0,273,28.549025,93.4679,144750.0
physx,0,physx_s0,274,28.773363,93.8145,143204.0
physx,0,physx_s0,275,28.374754,94.1513,147677.0
physx,0,physx_s0,276,28.698744,94.4931,145312.0
physx,0,physx_s0,277,29.275785,94.8334,145887.0
physx,0,physx_s0,278,29.138807,95.1693,147893.0
physx,0,physx_s0,279,29.272682,95.5126,144594.0
physx,0,physx_s0,280,29.540575,95.8491,147530.0
physx,0,physx_s0,281,28.918884,96.1881,146463.0
physx,0,physx_s0,282,28.755878,96.5317,144489.0
physx,0,physx_s0,283,29.319950,96.8754,144466.0
physx,0,physx_s0,284,29.332172,97.2150,146206.0
physx,0,physx_s0,285,29.116703,97.5562,148572.0
physx,0,physx_s0,286,29.351309,97.9046,142512.0
physx,0,physx_s0,287,29.924091,98.2559,141417.0
physx,0,physx_s0,288,29.847273,98.5998,145955.0
physx,0,physx_s0,289,29.082535,98.9428,144772.0
physx,0,physx_s0,290,29.404631,99.2749,149545.0
physx,0,physx_s0,291,29.629665,99.6140,146454.0
physx,0,physx_s0,292,29.820696,99.9543,145930.0
physx,0,physx_s0,293,29.949551,100.2872,149140.0
physx,0,physx_s0,294,30.036583,100.6217,148426.0
physx,0,physx_s0,295,29.950138,100.9615,146231.0
physx,0,physx_s0,296,30.183266,101.2986,147402.0
physx,0,physx_s0,297,30.460062,101.6411,145157.0
physx,0,physx_s0,298,30.297230,101.9768,147890.0
physx,0,physx_s0,299,30.195993,102.3102,149033.0
physx,1,physx_s1,0,-0.589587,0.0000,32691.0
physx,1,physx_s1,1,-0.907227,0.3610,138711.0
physx,1,physx_s1,2,-1.444373,0.7046,144806.0
physx,1,physx_s1,3,-2.331150,1.0536,142563.0
physx,1,physx_s1,4,-3.078420,1.4134,138160.0
physx,1,physx_s1,5,-3.652301,1.7655,141163.0
physx,1,physx_s1,6,-4.299592,2.1061,146164.0
physx,1,physx_s1,7,-4.832953,2.4391,149325.0
physx,1,physx_s1,8,-4.609334,2.7794,146043.0
physx,1,physx_s1,9,-4.634434,3.1148,148204.0
physx,1,physx_s1,10,-5.014595,3.4482,149098.0
physx,1,physx_s1,11,-5.313988,3.7798,149972.0
physx,1,physx_s1,12,-5.255594,4.1296,142079.0
physx,1,physx_s1,13,-5.163900,4.4617,149703.0
physx,1,physx_s1,14,-5.077788,4.7969,148331.0
physx,1,physx_s1,15,-5.300188,5.1339,147480.0
physx,1,physx_s1,16,-5.419059,5.4621,151497.0
physx,1,physx_s1,17,-5.815979,5.7934,150108.0
physx,1,physx_s1,18,-5.686387,6.1303,147535.0
physx,1,physx_s1,19,-5.608969,6.4626,149664.0
physx,1,physx_s1,20,-5.327157,6.7880,152840.0
physx,1,physx_s1,21,-5.473612,7.1253,147438.0
physx,1,physx_s1,22,-5.486481,7.4548,151263.0
physx,1,physx_s1,23,-5.198028,7.7889,148826.0
physx,1,physx_s1,24,-5.410902,8.1256,147770.0
physx,1,physx_s1,25,-5.635443,8.4599,148730.0
physx,1,physx_s1,26,-5.822943,8.7854,152759.0
physx,1,physx_s1,27,-5.746748,9.1139,151416.0
physx,1,physx_s1,28,-6.324176,9.4370,153913.0
physx,1,physx_s1,29,-6.583018,9.7596,154148.0
physx,1,physx_s1,30,-6.810943,10.0863,152211.0
physx,1,physx_s1,31,-6.669417,10.4079,154625.0
physx,1,physx_s1,32,-5.758948,10.7427,148483.0
physx,1,physx_s1,33,-5.379554,11.0747,149791.0
physx,1,physx_s1,34,-4.907208,11.3971,154276.0
physx,1,physx_s1,35,-5.046731,11.7202,153918.0
physx,1,physx_s1,36,-5.948802,12.0416,154825.0
physx,1,physx_s1,37,-6.305407,12.3660,153325.0
physx,1,physx_s1,38,-6.374798,12.6947,151901.0
physx,1,physx_s1,39,-6.518076,13.0217,152118.0
physx,1,physx_s1,40,-6.635546,13.3436,154472.0
physx,1,physx_s1,41,-6.054394,13.6695,152570.0
physx,1,physx_s1,42,-5.349840,13.9938,153387.0
physx,1,physx_s1,43,-5.531259,14.3363,145099.0
physx,1,physx_s1,44,-5.060820,14.6957,141409.0
physx,1,physx_s1,45,-3.129794,15.0322,147703.0
physx,1,physx_s1,46,-2.874130,15.3639,149951.0
physx,1,physx_s1,47,-1.168762,15.6998,148032.0
physx,1,physx_s1,48,-1.572708,16.0381,147361.0
physx,1,physx_s1,49,-0.839388,16.3789,146074.0
physx,1,physx_s1,50,-0.361831,16.7258,143307.0
physx,1,physx_s1,51,-1.344825,17.0637,148352.0
physx,1,physx_s1,52,-0.960266,17.4015,147257.0
physx,1,physx_s1,53,-0.273390,17.7426,145723.0
physx,1,physx_s1,54,0.333075,18.0822,146445.0
physx,1,physx_s1,55,1.103280,18.4185,147851.0
physx,1,physx_s1,56,0.231702,18.7551,147965.0
physx,1,physx_s1,57,0.118565,19.0957,146037.0
physx,1,physx_s1,58,0.255823,19.4280,149842.0
physx,1,physx_s1,59,0.743958,19.7632,148434.0
physx,1,physx_s1,60,1.950148,20.1011,147006.0
physx,1,physx_s1,61,2.507325,20.4338,149271.0
physx,1,physx_s1,62,1.393899,20.7638,150743.0
physx,1,physx_s1,63,2.341345,21.1058,145320.0
physx,1,physx_s1,64,2.622909,21.4381,149444.0
physx,1,physx_s1,65,2.633388,21.7761,147087.0
physx,1,physx_s1,66,2.233773,22.1124,147867.0
physx,1,physx_s1,67,2.012409,22.4864,132656.0
physx,1,physx_s1,68,2.488559,22.8317,143873.0
physx,1,physx_s1,69,3.323372,23.1775,143536.0
physx,1,physx_s1,70,3.386720,23.5158,147013.0
physx,1,physx_s1,71,4.068500,23.8647,142568.0
physx,1,physx_s1,72,3.662122,24.2063,145441.0
physx,1,physx_s1,73,4.817093,24.5526,143355.0
physx,1,physx_s1,74,6.057284,24.9001,143016.0
physx,1,physx_s1,75,6.141217,25.2334,149122.0
physx,1,physx_s1,76,6.092826,25.5705,147282.0
physx,1,physx_s1,77,5.124360,25.9109,145939.0
physx,1,physx_s1,78,5.295467,26.2409,150491.0
physx,1,physx_s1,79,4.955195,26.5803,146416.0
physx,1,physx_s1,80,4.871197,26.9141,148843.0
physx,1,physx_s1,81,5.369448,27.2554,145522.0
physx,1,physx_s1,82,6.378361,27.5880,149743.0
physx,1,physx_s1,83,7.198351,27.9182,150441.0
physx,1,physx_s1,84,7.427015,28.2580,146251.0
physx,1,physx_s1,85,6.657654,28.6017,144971.0
physx,1,physx_s1,86,7.264888,28.9346,149215.0
physx,1,physx_s1,87,8.147333,29.2821,143062.0
physx,1,physx_s1,88,7.940873,29.6261,144420.0
physx,1,physx_s1,89,7.945294,29.9782,141132.0
physx,1,physx_s1,90,7.161095,30.3231,144093.0
physx,1,physx_s1,91,8.809217,30.6617,146652.0
physx,1,physx_s1,92,7.599762,30.9990,147222.0
physx,1,physx_s1,93,6.839482,31.3372,146869.0
physx,1,physx_s1,94,7.923368,31.6851,142835.0
physx,1,physx_s1,95,7.666563,32.0390,140251.0
physx,1,physx_s1,96,6.835840,32.3935,141694.0
physx,1,physx_s1,97,7.827855,32.7461,140803.0
physx,1,physx_s1,98,8.869352,33.0841,147043.0
physx,1,physx_s1,99,8.224406,33.4229,146595.0
physx,1,physx_s1,100,8.575508,33.7646,145270.0
physx,1,physx_s1,101,8.443511,34.1032,147683.0
physx,1,physx_s1,102,8.754795,34.4628,138019.0
physx,1,physx_s1,103,8.515707,34.8136,141454.0
physx,1,physx_s1,104,8.517104,35.1584,143937.0
physx,1,physx_s1,105,9.280880,35.5032,144009.0
physx,1,physx_s1,106,9.810992,35.8501,143087.0
physx,1,physx_s1,107,9.684498,36.2110,137563.0
physx,1,physx_s1,108,9.569315,36.5642,140687.0
physx,1,physx_s1,109,9.360927,36.9126,142556.0
physx,1,physx_s1,110,9.288505,37.2624,141890.0
physx,1,physx_s1,111,9.979144,37.6172,139864.0
physx,1,physx_s1,112,10.357182,37.9557,146640.0
physx,1,physx_s1,113,9.837997,38.2904,148289.0
physx,1,physx_s1,114,9.852898,38.6274,147379.0
physx,1,physx_s1,115,9.922300,38.9770,142030.0
physx,1,physx_s1,116,9.819070,39.3304,140564.0
physx,1,physx_s1,117,10.491052,39.6777,142998.0
physx,1,physx_s1,118,10.421508,40.0226,147000.0
physx,1,physx_s1,119,9.975910,40.3602,147159.0
physx,1,physx_s1,120,11.173223,40.7077,142829.0
physx,1,physx_s1,121,11.374452,41.0562,142670.0
physx,1,physx_s1,122,10.761150,41.3976,145427.0
physx,1,physx_s1,123,10.399479,41.7326,148325.0
physx,1,physx_s1,124,10.300767,42.0665,148785.0
physx,1,physx_s1,125,10.525443,42.3989,149379.0
physx,1,physx_s1,126,10.815994,42.7326,148861.0
physx,1,physx_s1,127,11.093439,43.0704,147028.0
physx,1,physx_s1,128,12.481211,43.4151,144221.0
physx,1,physx_s1,129,11.874047,43.7613,143474.0
physx,1,physx_s1,130,10.889045,44.1071,143652.0
physx,1,physx_s1,131,12.108581,44.4467,146227.0
physx,1,physx_s1,132,12.561549,44.7917,144063.0
physx,1,physx_s1,133,12.187425,45.1405,145238.0
physx,1,physx_s1,134,11.497214,45.4762,148055.0
physx,1,physx_s1,135,11.277132,45.8187,145038.0
physx,1,physx_s1,136,11.648191,46.1615,144874.0
physx,1,physx_s1,137,11.348726,46.5101,142410.0
physx,1,physx_s1,138,10.821721,46.8708,137700.0
physx,1,physx_s1,139,10.994776,47.2261,139729.0
physx,1,physx_s1,140,11.094847,47.5791,140755.0
physx,1,physx_s1,141,11.471602,47.9233,144343.0
physx,1,physx_s1,142,11.976133,48.2699,143318.0
physx,1,physx_s1,143,11.965045,48.6177,142917.0
physx,1,physx_s1,144,11.699575,48.9745,139213.0
physx,1,physx_s1,145,11.537951,49.3210,143330.0
physx,1,physx_s1,146,11.742237,49.6703,142235.0
physx,1,physx_s1,147,11.887794,50.0229,140829.0
physx,1,physx_s1,148,12.670495,50.3610,147086.0
physx,1,physx_s1,149,11.971705,50.7040,145031.0
physx,1,physx_s1,150,11.371844,51.0531,142344.0
physx,1,physx_s1,151,12.069364,51.4099,140241.0
physx,1,physx_s1,152,13.082115,51.7558,143703.0
physx,1,physx_s1,153,12.799982,52.1002,144369.0
physx,1,physx_s1,154,12.180243,52.4356,148251.0
physx,1,physx_s1,155,11.341798,52.7791,144711.0
physx,1,physx_s1,156,11.565213,53.1343,139919.0
physx,1,physx_s1,157,11.565685,53.4815,143110.0
physx,1,physx_s1,158,13.030077,53.8333,141259.0
physx,1,physx_s1,159,12.790050,54.1913,138656.0
physx,1,physx_s1,160,13.670980,54.5511,138219.0
physx,1,physx_s1,161,13.656310,54.9012,144654.0
physx,1,physx_s1,162,13.755219,55.2465,144097.0
physx,1,physx_s1,163,13.414695,55.6057,138613.0
physx,1,physx_s1,164,13.180236,55.9605,140035.0
physx,1,physx_s1,165,13.144204,56.3023,145421.0
physx,1,physx_s1,166,13.387989,56.6358,148992.0
physx,1,physx_s1,167,13.137781,56.9837,142856.0
physx,1,physx_s1,168,12.590500,57.3330,142442.0
physx,1,physx_s1,169,13.484694,57.6831,141941.0
physx,1,physx_s1,170,14.143229,58.0520,134700.0
physx,1,physx_s1,171,13.195014,58.4050,141119.0
physx,1,physx_s1,172,12.993802,58.7626,138900.0
physx,1,physx_s1,173,13.173816,59.1156,140867.0
physx,1,physx_s1,174,12.651107,59.4685,140819.0
physx,1,physx_s1,175,13.536008,59.8287,137943.0
physx,1,physx_s1,176,13.751119,60.1889,137864.0
physx,1,physx_s1,177,12.966341,60.5374,142714.0
physx,1,physx_s1,178,13.291201,60.8878,141879.0
physx,1,physx_s1,179,13.847736,61.2648,131667.0
physx,1,physx_s1,180,13.885525,61.6624,124757.0
physx,1,physx_s1,181,14.174045,62.0417,130922.0
physx,1,physx_s1,182,14.557057,62.4060,136426.0
physx,1,physx_s1,183,12.819902,62.7546,142445.0
physx,1,physx_s1,184,13.301152,63.1038,142280.0
physx,1,physx_s1,185,13.780346,63.4452,145732.0
physx,1,physx_s1,186,14.012643,63.7898,144098.0
physx,1,physx_s1,187,13.371474,64.1301,145927.0
physx,1,physx_s1,188,13.293226,64.4762,143486.0
physx,1,physx_s1,189,13.715691,64.8285,140868.0
physx,1,physx_s1,190,13.374912,65.1795,141447.0
physx,1,physx_s1,191,14.002967,65.5266,143001.0
physx,1,physx_s1,192,13.780946,65.8643,148561.0
physx,1,physx_s1,193,13.685324,66.1948,150223.0
physx,1,physx_s1,194,14.221600,66.5270,149454.0
physx,1,physx_s1,195,14.225868,66.8688,148131.0
physx,1,physx_s1,196,14.521824,67.2127,144586.0
physx,1,physx_s1,197,13.661676,67.5476,148385.0
physx,1,physx_s1,198,13.482892,67.8936,143460.0
physx,1,physx_s1,199,14.647964,68.2441,141548.0
physx,1,physx_s1,200,14.557176,68.5884,144219.0
physx,1,physx_s1,201,15.229614,68.9395,142506.0
physx,1,physx_s1,202,15.309264,69.2893,141906.0
physx,1,physx_s1,203,15.194363,69.6174,151323.0
physx,1,physx_s1,204,14.867749,69.9616,144320.0
physx,1,physx_s1,205,14.824951,70.3062,144086.0
physx,1,physx_s1,206,14.726135,70.6660,138058.0
physx,1,physx_s1,207,14.209208,71.0189,140800.0
physx,1,physx_s1,208,13.553971,71.3462,151893.0
physx,1,physx_s1,209,14.500397,71.6834,147280.0
physx,1,physx_s1,210,15.831372,72.0289,143772.0
physx,1,physx_s1,211,15.643463,72.3740,143939.0
physx,1,physx_s1,212,16.418613,72.7174,144641.0
physx,1,physx_s1,213,15.721413,73.0630,143714.0
physx,1,physx_s1,214,14.560901,73.4259,136884.0
physx,1,physx_s1,215,15.188690,73.7822,139295.0
physx,1,physx_s1,216,15.198901,74.1344,140953.0
physx,1,physx_s1,217,15.452777,74.4725,146863.0
physx,1,physx_s1,218,15.790875,74.8201,143098.0
physx,1,physx_s1,219,15.277958,75.1613,145785.0
physx,1,physx_s1,220,15.433354,75.4984,147309.0
physx,1,physx_s1,221,15.205518,75.8439,143755.0
physx,1,physx_s1,222,14.971288,76.1993,139727.0
physx,1,physx_s1,223,15.631519,76.5398,145835.0
physx,1,physx_s1,224,16.256369,76.8839,147217.0
physx,1,physx_s1,225,16.541212,77.2345,141860.0
physx,1,physx_s1,226,16.281540,77.5793,143969.0
physx,1,physx_s1,227,16.100197,77.9335,140158.0
physx,1,physx_s1,228,16.726856,78.2867,140491.0
physx,1,physx_s1,229,15.922549,78.6344,142821.0
physx,1,physx_s1,230,16.045437,78.9821,142846.0
physx,1,physx_s1,231,16.406778,79.3316,142137.0
physx,1,physx_s1,232,17.138098,79.6858,140275.0
physx,1,physx_s1,233,17.832003,80.0249,146577.0
physx,1,physx_s1,234,18.300467,80.3607,147861.0
physx,1,physx_s1,235,18.053881,80.6977,147371.0
physx,1,physx_s1,236,17.573465,81.0297,149549.0
physx,1,physx_s1,237,16.780468,81.3591,150829.0
physx,1,physx_s1,238,16.668226,81.6937,148426.0
physx,1,physx_s1,239,16.807354,82.0392,146357.0
physx,1,physx_s1,240,17.460672,82.3884,142120.0
physx,1,physx_s1,241,17.725096,82.7305,145151.0
physx,1,physx_s1,242,17.147793,83.0740,144604.0
physx,1,physx_s1,243,16.978991,83.4110,147325.0
physx,1,physx_s1,244,17.145790,83.7423,149863.0
physx,1,physx_s1,245,17.339479,84.0742,149670.0
physx,1,physx_s1,246,16.747328,84.4084,148549.0
physx,1,physx_s1,247,17.241991,84.7455,147316.0
physx,1,physx_s1,248,17.764940,85.0782,149307.0
physx,1,physx_s1,249,18.200808,85.4111,149192.0
physx,1,physx_s1,250,17.865511,85.7437,149235.0
physx,1,physx_s1,251,17.189072,86.0758,150519.0
physx,1,physx_s1,252,16.991930,86.4117,147866.0
physx,1,physx_s1,253,17.769556,86.7487,147394.0
physx,1,physx_s1,254,17.081327,87.0926,147173.0
physx,1,physx_s1,255,19.009398,87.4307,146944.0
physx,1,physx_s1,256,17.569176,87.7686,147149.0
physx,1,physx_s1,257,18.223045,88.1113,144909.0
physx,1,physx_s1,258,17.860172,88.4583,143116.0
physx,1,physx_s1,259,17.084885,88.7941,148216.0
physx,1,physx_s1,260,17.704414,89.1287,148427.0
physx,1,physx_s1,261,18.735525,89.4624,148914.0
physx,1,physx_s1,262,19.454744,89.8008,146780.0
physx,1,physx_s1,263,20.214983,90.1359,148281.0
physx,1,physx_s1,264,19.295528,90.4795,144562.0
physx,1,physx_s1,265,18.576332,90.8217,145272.0
physx,1,physx_s1,266,18.870518,91.1627,145730.0
physx,1,physx_s1,267,19.645140,91.5048,145334.0
physx,1,physx_s1,268,19.199924,91.8376,149302.0
physx,1,physx_s1,269,19.357380,92.1803,147817.0
physx,1,physx_s1,270,18.946012,92.5120,149827.0
physx,1,physx_s1,271,19.568483,92.8458,148778.0
physx,1,physx_s1,272,19.877052,93.1831,147249.0
physx,1,physx_s1,273,19.461355,93.5237,145780.0
physx,1,physx_s1,274,19.603369,93.8594,147869.0
physx,1,physx_s1,275,20.172628,94.1946,148265.0
physx,1,physx_s1,276,19.941309,94.5282,148907.0
physx,1,physx_s1,277,19.131882,94.8608,149359.0
physx,1,physx_s1,278,19.211376,95.1902,150847.0
physx,1,physx_s1,279,20.134111,95.5228,149356.0
physx,1,physx_s1,280,20.500759,95.8553,149316.0
physx,1,physx_s1,281,20.418715,96.1817,152126.0
physx,1,physx_s1,282,20.503502,96.5095,151533.0
physx,1,physx_s1,283,21.046904,96.8369,151785.0
physx,1,physx_s1,284,21.245163,97.1621,152662.0
physx,1,physx_s1,285,20.904099,97.4988,150402.0
physx,1,physx_s1,286,21.198538,97.8229,153301.0
physx,1,physx_s1,287,21.239044,98.1532,150450.0
physx,1,physx_s1,288,21.377102,98.4841,151713.0
physx,1,physx_s1,289,20.897751,98.8142,150600.0
physx,1,physx_s1,290,20.244553,99.1441,150642.0
physx,1,physx_s1,291,20.640966,99.4630,155798.0
physx,1,physx_s1,292,21.160809,99.7972,148614.0
physx,1,physx_s1,293,21.019331,100.1319,148321.0
physx,1,physx_s1,294,20.919781,100.4611,150861.0
physx,1,physx_s1,295,22.438641,100.7933,149494.0
physx,1,physx_s1,296,22.184111,101.1236,150520.0
physx,1,physx_s1,297,23.005184,101.4561,149426.0
physx,1,physx_s1,298,22.706556,101.7876,150011.0
physx,1,physx_s1,299,22.689817,102.1209,149146.0
physx,2,physx_s2,0,-0.551837,0.0000,38765.0
physx,2,physx_s2,1,-0.856010,0.3389,147955.0
physx,2,physx_s2,2,-1.483988,0.6856,143293.0
physx,2,physx_s2,3,-2.174201,1.0249,146549.0
physx,2,physx_s2,4,-2.655325,1.3489,153592.0
physx,2,physx_s2,5,-3.182999,1.6711,154324.0
physx,2,physx_s2,6,-3.459237,1.9969,152557.0
physx,2,physx_s2,7,-3.825744,2.3261,151020.0
physx,2,physx_s2,8,-4.330876,2.6563,150603.0
physx,2,physx_s2,9,-4.422849,2.9838,151994.0
physx,2,physx_s2,10,-4.341442,3.3156,149879.0
physx,2,physx_s2,11,-4.282658,3.6512,148383.0
physx,2,physx_s2,12,-4.656624,3.9968,143750.0
physx,2,physx_s2,13,-5.121957,4.3257,151189.0
physx,2,physx_s2,14,-5.186942,4.6584,152584.0
physx,2,physx_s2,15,-5.445167,4.9959,147270.0
physx,2,physx_s2,16,-5.396599,5.3218,152500.0
physx,2,physx_s2,17,-5.146645,5.6438,154386.0
physx,2,physx_s2,18,-5.250996,5.9730,150993.0
physx,2,physx_s2,19,-5.080786,6.3068,148905.0
physx,2,physx_s2,20,-5.345441,6.6351,151609.0
physx,2,physx_s2,21,-6.159124,6.9623,151932.0
physx,2,physx_s2,22,-5.698716,7.2908,151272.0
physx,2,physx_s2,23,-5.394944,7.6169,152336.0
physx,2,physx_s2,24,-6.132004,7.9401,153696.0
physx,2,physx_s2,25,-6.464827,8.2613,154794.0
physx,2,physx_s2,26,-6.181369,8.5909,150639.0
physx,2,physx_s2,27,-5.776311,8.9185,151745.0
physx,2,physx_s2,28,-5.658264,9.2365,156354.0
physx,2,physx_s2,29,-6.095855,9.5643,151586.0
physx,2,physx_s2,30,-6.861694,9.8888,153098.0
physx,2,physx_s2,31,-6.574681,10.2124,153509.0
physx,2,physx_s2,32,-5.857022,10.5347,154168.0
physx,2,physx_s2,33,-5.838919,10.8589,153230.0
physx,2,physx_s2,34,-5.941249,11.1962,147226.0
physx,2,physx_s2,35,-5.390869,11.5253,150975.0
physx,2,physx_s2,36,-6.190018,11.8510,152614.0
physx,2,physx_s2,37,-6.156996,12.1739,153914.0
physx,2,physx_s2,38,-6.134649,12.4957,154399.0
physx,2,physx_s2,39,-5.966715,12.8148,155700.0
physx,2,physx_s2,40,-5.683736,13.1438,151021.0
physx,2,physx_s2,41,-5.149166,13.4667,153930.0
physx,2,physx_s2,42,-5.096619,13.7979,149935.0
physx,2,physx_s2,43,-5.044579,14.1270,150993.0
physx,2,physx_s2,44,-4.411439,14.4529,152388.0
physx,2,physx_s2,45,-3.458623,14.7861,149269.0
physx,2,physx_s2,46,-2.625058,15.1126,152159.0
physx,2,physx_s2,47,-2.476155,15.4379,152744.0
physx,2,physx_s2,48,-2.445184,15.7742,147694.0
physx,2,physx_s2,49,-3.858764,16.1099,148066.0
physx,2,physx_s2,50,-2.875800,16.4459,147766.0
physx,2,physx_s2,51,-1.882922,16.7830,148268.0
physx,2,physx_s2,52,-1.602855,17.1185,147973.0
physx,2,physx_s2,53,-0.783404,17.4528,148643.0
physx,2,physx_s2,54,-0.865596,17.7781,152817.0
physx,2,physx_s2,55,-0.414338,18.1172,146542.0
physx,2,physx_s2,56,-0.051792,18.4571,146045.0
physx,2,physx_s2,57,0.153954,18.7859,151080.0
physx,2,physx_s2,58,0.420695,19.1204,148430.0
physx,2,physx_s2,59,0.533767,19.4459,152601.0
physx,2,physx_s2,60,0.905561,19.7771,150083.0
physx,2,physx_s2,61,1.765079,20.1116,148483.0
physx,2,physx_s2,62,2.278283,20.4413,150616.0
physx,2,physx_s2,63,3.000059,20.7721,150262.0
physx,2,physx_s2,64,2.570153,21.1077,147884.0
physx,2,physx_s2,65,3.145313,21.4491,145441.0
physx,2,physx_s2,66,4.161039,21.7751,152312.0
physx,2,physx_s2,67,3.800988,22.1075,149522.0
physx,2,physx_s2,68,3.746590,22.4418,148627.0
physx,2,physx_s2,69,3.624527,22.7737,149720.0
physx,2,physx_s2,70,4.310365,23.1025,151066.0
physx,2,physx_s2,71,4.649046,23.4440,145394.0
physx,2,physx_s2,72,4.360807,23.7809,147589.0
physx,2,physx_s2,73,4.460944,24.1202,146322.0
physx,2,physx_s2,74,5.043990,24.4613,145522.0
physx,2,physx_s2,75,4.987997,24.8071,143628.0
physx,2,physx_s2,76,5.127686,25.1537,146032.0
physx,2,physx_s2,77,5.871701,25.4963,144980.0
physx,2,physx_s2,78,5.139456,25.8348,146725.0
physx,2,physx_s2,79,5.262362,26.1627,151536.0
physx,2,physx_s2,80,5.882066,26.4870,153179.0
physx,2,physx_s2,81,5.513022,26.8207,148830.0
physx,2,physx_s2,82,6.093482,27.1660,143737.0
physx,2,physx_s2,83,5.554156,27.5034,147200.0
physx,2,physx_s2,84,5.377251,27.8447,145455.0
physx,2,physx_s2,85,7.134288,28.1920,142956.0
physx,2,physx_s2,86,8.231239,28.5308,146520.0
physx,2,physx_s2,87,7.185236,28.8697,146474.0
physx,2,physx_s2,88,7.014354,29.2105,145653.0
physx,2,physx_s2,89,7.453355,29.5396,150891.0
physx,2,physx_s2,90,7.313581,29.8706,150084.0
physx,2,physx_s2,91,7.331408,30.2069,150535.0
physx,2,physx_s2,92,7.800148,30.5494,145170.0
physx,2,physx_s2,93,8.739345,30.8788,150802.0
physx,2,physx_s2,94,8.269100,31.2207,145463.0
physx,2,physx_s2,95,8.192516,31.5476,152038.0
physx,2,physx_s2,96,8.439992,31.8811,149897.0
physx,2,physx_s2,97,9.111153,32.2126,149851.0
physx,2,physx_s2,98,8.359765,32.5409,151301.0
physx,2,physx_s2,99,8.564153,32.8667,152485.0
physx,2,physx_s2,100,9.621085,33.1933,152112.0
physx,2,physx_s2,101,8.897284,33.5222,152303.0
physx,2,physx_s2,102,7.878480,33.8674,143771.0
physx,2,physx_s2,103,9.360554,34.2057,146953.0
physx,2,physx_s2,104,10.442671,34.5331,151676.0
physx,2,physx_s2,105,9.883771,34.8596,152084.0
physx,2,physx_s2,106,9.699887,35.1906,150098.0
physx,2,physx_s2,107,10.602730,35.5290,146875.0
physx,2,physx_s2,108,10.415548,35.8622,149141.0
physx,2,physx_s2,109,9.771980,36.1963,148900.0
physx,2,physx_s2,110,10.466555,36.5300,148815.0
physx,2,physx_s2,111,11.405155,36.8568,151952.0
physx,2,physx_s2,112,11.148155,37.1846,151511.0
physx,2,physx_s2,113,10.125896,37.5165,149644.0
physx,2,physx_s2,114,10.629028,37.8438,151739.0
physx,2,physx_s2,115,10.855493,38.1733,150690.0
physx,2,physx_s2,116,11.085367,38.5048,149775.0
physx,2,physx_s2,117,11.239050,38.8324,151780.0
physx,2,physx_s2,118,11.582925,39.1672,148419.0
physx,2,physx_s2,119,11.982048,39.5071,146194.0
physx,2,physx_s2,120,11.427176,39.8482,145595.0
physx,2,physx_s2,121,10.766732,40.1913,147481.0
physx,2,physx_s2,122,11.774085,40.5207,150902.0
physx,2,physx_s2,123,11.733479,40.8533,149273.0
physx,2,physx_s2,124,11.518826,41.1833,150449.0
physx,2,physx_s2,125,12.363661,41.5172,148839.0
physx,2,physx_s2,126,11.508283,41.8537,147580.0
physx,2,physx_s2,127,11.982433,42.1907,147340.0
physx,2,physx_s2,128,13.387462,42.5309,146042.0
physx,2,physx_s2,129,13.086778,42.8779,143032.0
physx,2,physx_s2,130,12.895919,43.2203,144987.0
physx,2,physx_s2,131,13.637900,43.5626,145071.0
physx,2,physx_s2,132,12.995996,43.8951,149336.0
physx,2,physx_s2,133,12.685081,44.2292,148651.0
physx,2,physx_s2,134,13.538480,44.5593,150428.0
physx,2,physx_s2,135,13.452998,44.8899,150229.0
physx,2,physx_s2,136,13.839823,45.2237,148872.0
physx,2,physx_s2,137,14.368496,45.5491,152747.0
physx,2,physx_s2,138,14.807184,45.8903,145518.0
physx,2,physx_s2,139,14.141023,46.2287,146699.0
physx,2,physx_s2,140,13.784366,46.5626,148663.0
physx,2,physx_s2,141,14.062927,46.8842,154544.0
physx,2,physx_s2,142,15.151506,47.2095,152665.0
physx,2,physx_s2,143,14.807025,47.5394,150491.0
physx,2,physx_s2,144,14.852506,47.8732,148763.0
physx,2,physx_s2,145,15.649736,48.2079,148382.0
physx,2,physx_s2,146,14.177859,48.5443,147544.0
physx,2,physx_s2,147,14.371636,48.8801,147995.0
physx,2,physx_s2,148,14.405650,49.2115,149850.0
physx,2,physx_s2,149,14.072264,49.5384,152041.0
physx,2,physx_s2,150,14.841104,49.8703,149749.0
physx,2,physx_s2,151,15.269104,50.2019,150866.0
physx,2,physx_s2,152,14.975672,50.5320,150429.0
physx,2,physx_s2,153,15.199296,50.8545,153964.0
physx,2,physx_s2,154,14.755520,51.1863,149842.0
physx,2,physx_s2,155,14.936219,51.5109,153153.0
physx,2,physx_s2,156,15.928150,51.8418,150223.0
physx,2,physx_s2,157,16.095444,52.1709,151082.0
physx,2,physx_s2,158,15.272087,52.5063,148061.0
physx,2,physx_s2,159,15.298603,52.8407,148538.0
physx,2,physx_s2,160,14.811620,53.1743,148928.0
physx,2,physx_s2,161,14.201733,53.5056,149879.0
physx,2,physx_s2,162,15.050894,53.8355,150640.0
physx,2,physx_s2,163,15.937079,54.1676,149810.0
physx,2,physx_s2,164,16.365583,54.4910,153593.0
physx,2,physx_s2,165,16.796379,54.8251,148593.0
physx,2,physx_s2,166,16.475910,55.1507,152560.0
physx,2,physx_s2,167,16.729891,55.4855,148344.0
physx,2,physx_s2,168,17.019360,55.8257,145953.0
physx,2,physx_s2,169,16.192066,56.1566,150126.0
physx,2,physx_s2,170,16.927223,56.4932,147575.0
physx,2,physx_s2,171,17.621122,56.8318,146855.0
physx,2,physx_s2,172,16.813965,57.1605,151096.0
physx,2,physx_s2,173,17.220655,57.4930,149401.0
physx,2,physx_s2,174,16.473017,57.8277,148309.0
physx,2,physx_s2,175,17.776480,58.1685,145858.0
physx,2,physx_s2,176,17.673208,58.5071,146787.0
physx,2,physx_s2,177,17.737190,58.8430,147899.0
physx,2,physx_s2,178,18.072260,59.1803,147268.0
physx,2,physx_s2,179,17.979284,59.5045,153219.0
physx,2,physx_s2,180,18.216764,59.8370,149507.0
physx,2,physx_s2,181,18.405659,60.1694,149546.0
physx,2,physx_s2,182,18.279055,60.5021,152386.0
physx,2,physx_s2,183,17.898813,60.8313,150945.0
physx,2,physx_s2,184,17.803654,61.1548,153532.0
physx,2,physx_s2,185,17.825613,61.4843,150739.0
physx,2,physx_s2,186,18.935202,61.8184,148681.0
physx,2,physx_s2,187,19.225176,62.1547,147754.0
physx,2,physx_s2,188,18.307549,62.4901,148289.0
physx,2,physx_s2,189,17.917715,62.8309,145742.0
physx,2,physx_s2,190,19.011154,63.1650,148637.0
physx,2,physx_s2,191,19.118601,63.4863,154718.0
physx,2,physx_s2,192,18.681356,63.8185,150020.0
physx,2,physx_s2,193,19.964218,64.1624,144622.0
physx,2,physx_s2,194,19.802164,64.4985,147768.0
physx,2,physx_s2,195,19.613653,64.8195,154772.0
physx,2,physx_s2,196,19.284307,65.1516,149664.0
physx,2,physx_s2,197,20.276690,65.4722,154995.0
physx,2,physx_s2,198,20.140148,65.8035,149922.0
physx,2,physx_s2,199,20.625349,66.1306,151786.0
physx,2,physx_s2,200,21.250658,66.4580,151838.0
physx,2,physx_s2,201,21.273998,66.7944,148804.0
physx,2,physx_s2,202,20.544571,67.1243,150634.0
physx,2,physx_s2,203,20.543316,67.4569,149456.0
physx,2,physx_s2,204,20.302366,67.7883,149791.0
physx,2,physx_s2,205,21.069025,68.1160,151544.0
physx,2,physx_s2,206,21.059376,68.4547,146551.0
physx,2,physx_s2,207,20.359150,68.7943,146139.0
physx,2,physx_s2,208,20.196493,69.1250,150242.0
physx,2,physx_s2,209,21.002676,69.4598,148339.0
physx,2,physx_s2,210,22.168316,69.7950,148162.0
physx,2,physx_s2,211,22.789974,70.1262,149962.0
physx,2,physx_s2,212,22.997894,70.4562,150477.0
physx,2,physx_s2,213,23.333344,70.7861,150584.0
physx,2,physx_s2,214,23.068800,71.1148,151250.0
physx,2,physx_s2,215,23.145594,71.4411,152209.0
physx,2,physx_s2,216,23.737364,71.7670,152416.0
physx,2,physx_s2,217,23.127775,72.0951,151334.0
physx,2,physx_s2,218,23.471151,72.4231,151501.0
physx,2,physx_s2,219,23.680561,72.7524,150878.0
physx,2,physx_s2,220,23.906631,73.0730,154975.0
physx,2,physx_s2,221,25.004267,73.4029,150502.0
physx,2,physx_s2,222,24.652349,73.7302,151809.0
physx,2,physx_s2,223,24.373178,74.0567,152130.0
physx,2,physx_s2,224,24.298697,74.3777,154977.0
physx,2,physx_s2,225,24.087856,74.7009,153648.0
physx,2,physx_s2,226,23.854939,75.0256,153000.0
physx,2,physx_s2,227,24.245531,75.3548,150902.0
physx,2,physx_s2,228,24.220930,75.6852,150342.0
physx,2,physx_s2,229,24.418018,76.0112,152608.0
physx,2,physx_s2,230,25.251261,76.3338,154024.0
physx,2,physx_s2,231,24.852760,76.6639,150432.0
physx,2,physx_s2,232,24.646116,76.9946,150148.0
physx,2,physx_s2,233,25.326975,77.3108,157089.0
physx,2,physx_s2,234,25.649632,77.6325,154362.0
physx,2,physx_s2,235,25.665401,77.9607,151453.0
physx,2,physx_s2,236,25.831577,78.2882,151647.0
physx,2,physx_s2,237,25.720724,78.6112,154092.0
physx,2,physx_s2,238,26.003023,78.9359,152928.0
physx,2,physx_s2,239,25.948109,79.2573,154577.0
physx,2,physx_s2,240,26.566599,79.5781,155130.0
physx,2,physx_s2,241,25.875414,79.9023,153309.0
physx,2,physx_s2,242,26.087793,80.2251,153928.0
physx,2,physx_s2,243,26.327917,80.5528,151612.0
physx,2,physx_s2,244,26.809704,80.8772,153098.0
physx,2,physx_s2,245,26.613625,81.2007,153504.0
physx,2,physx_s2,246,26.547432,81.5281,151722.0
physx,2,physx_s2,247,27.057381,81.8504,154077.0
physx,2,physx_s2,248,26.589155,82.1815,150135.0
physx,2,physx_s2,249,26.808018,82.5068,152702.0
physx,2,physx_s2,250,26.946064,82.8372,150287.0
physx,2,physx_s2,251,27.011316,83.1690,150766.0
physx,2,physx_s2,252,27.450989,83.4986,150848.0
physx,2,physx_s2,253,27.733280,83.8290,150334.0
physx,2,physx_s2,254,27.923740,84.1600,150015.0
physx,2,physx_s2,255,28.014782,84.4853,152711.0
physx,2,physx_s2,256,27.913124,84.8118,152099.0
physx,2,physx_s2,257,27.789511,85.1380,152251.0
physx,2,physx_s2,258,27.758764,85.4643,152368.0
physx,2,physx_s2,259,27.767632,85.7973,149202.0
physx,2,physx_s2,260,27.091528,86.1264,150932.0
physx,2,physx_s2,261,27.348207,86.4582,149784.0
physx,2,physx_s2,262,28.462448,86.7795,154752.0
physx,2,physx_s2,263,28.465343,87.1088,150809.0
physx,2,physx_s2,264,28.200129,87.4338,152847.0
physx,2,physx_s2,265,28.271694,87.7564,153933.0
physx,2,physx_s2,266,28.436317,88.0738,156504.0
physx,2,physx_s2,267,27.858698,88.3997,152426.0
physx,2,physx_s2,268,28.211632,88.7278,151536.0
physx,2,physx_s2,269,28.719265,89.0555,151739.0
physx,2,physx_s2,270,28.524796,89.3826,151984.0
physx,2,physx_s2,271,29.012608,89.7051,154024.0
physx,2,physx_s2,272,29.311752,90.0283,153667.0
physx,2,physx_s2,273,29.107124,90.3586,150377.0
physx,2,physx_s2,274,28.935898,90.6774,155793.0
physx,2,physx_s2,275,28.685225,91.0020,152978.0
physx,2,physx_s2,276,29.212931,91.3220,155342.0
physx,2,physx_s2,277,29.803913,91.6459,153533.0
physx,2,physx_s2,278,29.425579,91.9646,155989.0
physx,2,physx_s2,279,28.317961,92.2895,152871.0
physx,2,physx_s2,280,28.795963,92.6061,156829.0
physx,2,physx_s2,281,29.369501,92.9307,153034.0
physx,2,physx_s2,282,29.776096,93.2520,154689.0
physx,2,physx_s2,283,29.889036,93.5784,152303.0
physx,2,physx_s2,284,29.906546,93.9078,150745.0
physx,2,physx_s2,285,29.564754,94.2303,154103.0
physx,2,physx_s2,286,29.907738,94.5533,153883.0
physx,2,physx_s2,287,30.127705,94.8758,154038.0
physx,2,physx_s2,288,29.893913,95.2074,152774.0
physx,2,physx_s2,289,30.191496,95.5261,155835.0
physx,2,physx_s2,290,30.145123,95.8523,152275.0
physx,2,physx_s2,291,30.065245,96.1729,154911.0
physx,2,physx_s2,292,29.765331,96.5048,149639.0
physx,2,physx_s2,293,30.123106,96.8328,151645.0
physx,2,physx_s2,294,30.815573,97.1587,152396.0
physx,2,physx_s2,295,30.684711,97.4846,152534.0
physx,2,physx_s2,296,30.243090,97.8122,151636.0
physx,2,physx_s2,297,30.287481,98.1316,155496.0
physx,2,physx_s2,298,30.993952,98.4564,152940.0
physx,2,physx_s2,299,31.163677,98.7765,155231.0
newton,0,newton_s0,0,-0.656672,0.0000,49452.0
newton,0,newton_s0,1,-0.938371,0.2064,245494.0
newton,0,newton_s0,2,-1.603422,0.4112,243845.0
newton,0,newton_s0,3,-2.791847,0.6207,238295.0
newton,0,newton_s0,4,-3.844578,0.8262,242943.0
newton,0,newton_s0,5,-4.006665,1.0331,241427.0
newton,0,newton_s0,6,-4.923526,1.2430,238017.0
newton,0,newton_s0,7,-5.048504,1.4543,236797.0
newton,0,newton_s0,8,-5.140549,1.6722,236806.0
newton,0,newton_s0,9,-5.112148,1.8770,243917.0
newton,0,newton_s0,10,-5.723500,2.0874,237295.0
newton,0,newton_s0,11,-6.125826,2.2973,237831.0
newton,0,newton_s0,12,-6.231256,2.5048,240712.0
newton,0,newton_s0,13,-6.215066,2.7121,240777.0
newton,0,newton_s0,14,-6.606740,2.9173,243420.0
newton,0,newton_s0,15,-6.822133,3.1233,242386.0
newton,0,newton_s0,16,-6.689233,3.3301,241303.0
newton,0,newton_s0,17,-6.687061,3.5374,240865.0
newton,0,newton_s0,18,-6.693321,3.7422,243902.0
newton,0,newton_s0,19,-7.474717,3.9455,245695.0
newton,0,newton_s0,20,-7.691658,4.1493,245279.0
newton,0,newton_s0,21,-7.345759,4.3568,241427.0
newton,0,newton_s0,22,-7.448781,4.5656,239093.0
newton,0,newton_s0,23,-7.406504,4.7762,237011.0
newton,0,newton_s0,24,-7.181228,4.9839,240515.0
newton,0,newton_s0,25,-7.230640,5.1902,242099.0
newton,0,newton_s0,26,-7.259054,5.3922,247287.0
newton,0,newton_s0,27,-7.007558,5.5963,244586.0
newton,0,newton_s0,28,-6.712999,5.7983,247716.0
newton,0,newton_s0,29,-7.183044,6.0038,243451.0
newton,0,newton_s0,30,-7.748412,6.2081,244863.0
newton,0,newton_s0,31,-7.577500,6.4125,244723.0
newton,0,newton_s0,32,-7.061093,6.6108,252431.0
newton,0,newton_s0,33,-7.022079,6.8151,244776.0
newton,0,newton_s0,34,-6.581604,7.0249,239899.0
newton,0,newton_s0,35,-6.396965,7.2380,234923.0
newton,0,newton_s0,36,-7.137904,7.4488,236911.0
newton,0,newton_s0,37,-6.667044,7.6554,241789.0
newton,0,newton_s0,38,-6.801172,7.8629,240632.0
newton,0,newton_s0,39,-6.903722,8.0669,244754.0
newton,0,newton_s0,40,-6.864927,8.2739,241314.0
newton,0,newton_s0,41,-6.484006,8.4802,242088.0
newton,0,newton_s0,42,-6.102512,8.6856,243103.0
newton,0,newton_s0,43,-5.196784,8.8872,247802.0
newton,0,newton_s0,44,-4.662398,9.0917,244208.0
newton,0,newton_s0,45,-4.437650,9.2980,242011.0
newton,0,newton_s0,46,-3.974592,9.5053,240904.0
newton,0,newton_s0,47,-4.420218,9.7109,242887.0
newton,0,newton_s0,48,-3.032382,9.9246,233694.0
newton,0,newton_s0,49,-2.167958,10.1331,239733.0
newton,0,newton_s0,50,-1.151481,10.3407,240680.0
newton,0,newton_s0,51,-0.766581,10.5542,236496.0
newton,0,newton_s0,52,0.058766,10.7669,234856.0
newton,0,newton_s0,53,0.636330,10.9760,239016.0
newton,0,newton_s0,54,0.334894,11.1848,239242.0
newton,0,newton_s0,55,0.219293,11.3921,240877.0
newton,0,newton_s0,56,1.485596,11.6009,239295.0
newton,0,newton_s0,57,1.167595,11.8090,239925.0
newton,0,newton_s0,58,0.918448,12.0209,235690.0
newton,0,newton_s0,59,1.871820,12.2266,242795.0
newton,0,newton_s0,60,2.030355,12.4338,241162.0
newton,0,newton_s0,61,1.553043,12.6364,246728.0
newton,0,newton_s0,62,1.780552,12.8384,247492.0
newton,0,newton_s0,63,1.649702,13.0408,247050.0
newton,0,newton_s0,64,2.332408,13.2484,240619.0
newton,0,newton_s0,65,3.717303,13.4532,243844.0
newton,0,newton_s0,66,3.700657,13.6622,238819.0
newton,0,newton_s0,67,3.881572,13.8629,248917.0
newton,0,newton_s0,68,3.957013,14.0642,248070.0
newton,0,newton_s0,69,4.513071,14.2650,248906.0
newton,0,newton_s0,70,4.417352,14.4590,257429.0
newton,0,newton_s0,71,4.962656,14.6704,236458.0
newton,0,newton_s0,72,5.138093,14.8752,244220.0
newton,0,newton_s0,73,4.515837,15.0798,244250.0
newton,0,newton_s0,74,4.754596,15.2800,249621.0
newton,0,newton_s0,75,5.421211,15.4882,240279.0
newton,0,newton_s0,76,5.979925,15.6952,241503.0
newton,0,newton_s0,77,5.908340,15.9019,241709.0
newton,0,newton_s0,78,5.642157,16.1081,242193.0
newton,0,newton_s0,79,5.854246,16.3141,242518.0
newton,0,newton_s0,80,5.306887,16.5199,242712.0
newton,0,newton_s0,81,5.513310,16.7256,242846.0
newton,0,newton_s0,82,4.915239,16.9306,243472.0
newton,0,newton_s0,83,5.235808,17.1329,246925.0
newton,0,newton_s0,84,6.664752,17.3372,244510.0
newton,0,newton_s0,85,6.790679,17.5423,243472.0
newton,0,newton_s0,86,7.387146,17.7493,242279.0
newton,0,newton_s0,87,7.182330,17.9569,240550.0
newton,0,newton_s0,88,6.879341,18.1681,236597.0
newton,0,newton_s0,89,7.390961,18.3756,240792.0
newton,0,newton_s0,90,7.123777,18.5832,240591.0
newton,0,newton_s0,91,6.291801,18.7933,237791.0
newton,0,newton_s0,92,7.082688,19.0030,238527.0
newton,0,newton_s0,93,8.069431,19.2124,238728.0
newton,0,newton_s0,94,8.404507,19.4163,244989.0
newton,0,newton_s0,95,8.826089,19.6192,246207.0
newton,0,newton_s0,96,8.192883,19.8247,243008.0
newton,0,newton_s0,97,7.585362,20.0274,246403.0
newton,0,newton_s0,98,8.328577,20.2301,246407.0
newton,0,newton_s0,99,8.813499,20.4316,248020.0
newton,0,newton_s0,100,9.231480,20.6390,240785.0
newton,0,newton_s0,101,8.981860,20.8464,243312.0
newton,0,newton_s0,102,7.634227,21.0506,244516.0
newton,0,newton_s0,103,9.369126,21.2552,244164.0
newton,0,newton_s0,104,10.391109,21.4583,245837.0
newton,0,newton_s0,105,9.871932,21.6594,248395.0
newton,0,newton_s0,106,9.063502,21.8689,238305.0
newton,0,newton_s0,107,9.199334,22.0750,242219.0
newton,0,newton_s0,108,8.838320,22.2832,239718.0
newton,0,newton_s0,109,8.420684,22.4845,248209.0
newton,0,newton_s0,110,8.036555,22.6844,249844.0
newton,0,newton_s0,111,8.550761,22.8863,247264.0
newton,0,newton_s0,112,9.176174,23.0870,248879.0
newton,0,newton_s0,113,9.037711,23.2963,239318.0
newton,0,newton_s0,114,8.430685,23.5059,238292.0
newton,0,newton_s0,115,8.526658,23.7125,241839.0
newton,0,newton_s0,116,8.989333,23.9148,247788.0
newton,0,newton_s0,117,9.106621,24.1236,239407.0
newton,0,newton_s0,118,9.707375,24.3348,236422.0
newton,0,newton_s0,119,10.378366,24.5423,240864.0
newton,0,newton_s0,120,10.160939,24.7550,234733.0
newton,0,newton_s0,121,9.798987,24.9670,235506.0
newton,0,newton_s0,122,9.959038,25.1811,233603.0
newton,0,newton_s0,123,9.993773,25.3943,234273.0
newton,0,newton_s0,124,9.221683,25.6079,233871.0
newton,0,newton_s0,125,9.177901,25.8175,238109.0
newton,0,newton_s0,126,9.125336,26.0259,239856.0
newton,0,newton_s0,127,8.538969,26.2339,240295.0
newton,0,newton_s0,128,8.880508,26.4438,238216.0
newton,0,newton_s0,129,9.672053,26.6515,240605.0
newton,0,newton_s0,130,10.477489,26.8587,241007.0
newton,0,newton_s0,131,9.801204,27.0753,230606.0
newton,0,newton_s0,132,10.659531,27.2965,232516.0
newton,0,newton_s0,133,10.305959,27.5089,235327.0
newton,0,newton_s0,134,9.642011,27.7200,237077.0
newton,0,newton_s0,135,9.225873,27.9344,233282.0
newton,0,newton_s0,136,10.016005,28.1468,235176.0
newton,0,newton_s0,137,10.713971,28.3526,242943.0
newton,0,newton_s0,138,10.586561,28.5579,243553.0
newton,0,newton_s0,139,10.625522,28.7612,245730.0
newton,0,newton_s0,140,10.940440,28.9657,244369.0
newton,0,newton_s0,141,11.690081,29.1695,245272.0
newton,0,newton_s0,142,10.354486,29.3821,235081.0
newton,0,newton_s0,143,9.996989,29.5949,234754.0
newton,0,newton_s0,144,10.876329,29.8054,238178.0
newton,0,newton_s0,145,11.173326,30.0167,236450.0
newton,0,newton_s0,146,11.720894,30.2245,240516.0
newton,0,newton_s0,147,11.650221,30.4355,236652.0
newton,0,newton_s0,148,10.751342,30.6456,238006.0
newton,0,newton_s0,149,11.530313,30.8494,245198.0
newton,0,newton_s0,150,11.052719,31.0557,242066.0
newton,0,newton_s0,151,11.317327,31.2573,251044.0
newton,0,newton_s0,152,11.804414,31.4593,247401.0
newton,0,newton_s0,153,12.538918,31.6566,253552.0
newton,0,newton_s0,154,11.967312,31.8592,246755.0
newton,0,newton_s0,155,11.602188,32.0671,240159.0
newton,0,newton_s0,156,11.485394,32.2699,246278.0
newton,0,newton_s0,157,11.742933,32.4713,247938.0
newton,0,newton_s0,158,11.758828,32.6773,242357.0
newton,0,newton_s0,159,11.367623,32.8880,237009.0
newton,0,newton_s0,160,10.955120,33.0945,242026.0
newton,0,newton_s0,161,11.179468,33.3054,236820.0
newton,0,newton_s0,162,11.155921,33.5243,227993.0
newton,0,newton_s0,163,11.981579,33.7323,240087.0
newton,0,newton_s0,164,13.027937,33.9369,244118.0
newton,0,newton_s0,165,12.945943,34.1421,243276.0
newton,0,newton_s0,166,13.309560,34.3443,247521.0
newton,0,newton_s0,167,12.735959,34.5629,228862.0
newton,0,newton_s0,168,12.686490,34.7717,239523.0
newton,0,newton_s0,169,12.720069,34.9826,236913.0
newton,0,newton_s0,170,13.357948,35.1950,235374.0
newton,0,newton_s0,171,13.277731,35.4106,231805.0
newton,0,newton_s0,172,12.202560,35.6242,234015.0
newton,0,newton_s0,173,11.721569,35.8356,236873.0
newton,0,newton_s0,174,13.071782,36.0483,235426.0
newton,0,newton_s0,175,13.123922,36.2575,239270.0
newton,0,newton_s0,176,12.693544,36.4676,237721.0
newton,0,newton_s0,177,13.072618,36.6741,241917.0
newton,0,newton_s0,178,12.572962,36.8848,237878.0
newton,0,newton_s0,179,14.292082,37.0905,242960.0
newton,0,newton_s0,180,14.476235,37.3010,237844.0
newton,0,newton_s0,181,12.468186,37.5151,241194.0
newton,0,newton_s0,182,12.934481,37.7202,244356.0
newton,0,newton_s0,183,13.350233,37.9306,237472.0
newton,0,newton_s0,184,13.206193,38.1384,240598.0
newton,0,newton_s0,185,13.833919,38.3472,239447.0
newton,0,newton_s0,186,14.151335,38.5541,241751.0
newton,0,newton_s0,187,13.769369,38.7654,236518.0
newton,0,newton_s0,188,14.190879,38.9714,242946.0
newton,0,newton_s0,189,13.915307,39.1796,240517.0
newton,0,newton_s0,190,14.206808,39.3869,241278.0
newton,0,newton_s0,191,13.864016,39.5928,242656.0
newton,0,newton_s0,192,14.096499,39.8016,239486.0
newton,0,newton_s0,193,14.118814,40.0017,249664.0
newton,0,newton_s0,194,15.706567,40.2014,250425.0
newton,0,newton_s0,195,15.173868,40.3996,252721.0
newton,0,newton_s0,196,15.361332,40.6090,238688.0
newton,0,newton_s0,197,14.617458,40.8159,241498.0
newton,0,newton_s0,198,14.416528,41.0240,239979.0
newton,0,newton_s0,199,14.923821,41.2257,247769.0
newton,0,newton_s0,200,15.676486,41.4318,242395.0
newton,0,newton_s0,201,15.663690,41.6413,241422.0
newton,0,newton_s0,202,15.310316,41.8560,233020.0
newton,0,newton_s0,203,15.541071,42.0683,235604.0
newton,0,newton_s0,204,15.897072,42.2782,238219.0
newton,0,newton_s0,205,16.148775,42.4885,237771.0
newton,0,newton_s0,206,16.142786,42.7053,237675.0
newton,0,newton_s0,207,16.406639,42.9129,240942.0
newton,0,newton_s0,208,16.752884,43.1151,247256.0
newton,0,newton_s0,209,16.824495,43.3174,247009.0
newton,0,newton_s0,210,16.633511,43.5259,239501.0
newton,0,newton_s0,211,16.594557,43.7324,242077.0
newton,0,newton_s0,212,16.082592,43.9404,240212.0
newton,0,newton_s0,213,17.894815,44.1514,237628.0
newton,0,newton_s0,214,17.309603,44.3588,241462.0
newton,0,newton_s0,215,16.627674,44.5685,238689.0
newton,0,newton_s0,216,16.422035,44.7823,234152.0
newton,0,newton_s0,217,16.558981,44.9902,240637.0
newton,0,newton_s0,218,16.416857,45.2028,236015.0
newton,0,newton_s0,219,16.739130,45.4139,237078.0
newton,0,newton_s0,220,17.763565,45.6168,246822.0
newton,0,newton_s0,221,17.115341,45.8187,247949.0
newton,0,newton_s0,222,16.833157,46.0221,246054.0
newton,0,newton_s0,223,17.488087,46.2272,244054.0
newton,0,newton_s0,224,17.984886,46.4330,243349.0
newton,0,newton_s0,225,18.904922,46.6458,235362.0
newton,0,newton_s0,226,19.132250,46.8532,241435.0
newton,0,newton_s0,227,18.524509,47.0650,236505.0
newton,0,newton_s0,228,18.317671,47.2772,235950.0
newton,0,newton_s0,229,18.173014,47.4885,236597.0
newton,0,newton_s0,230,17.390585,47.7048,238964.0
newton,0,newton_s0,231,17.774113,47.9241,228760.0
newton,0,newton_s0,232,18.972813,48.1355,237526.0
newton,0,newton_s0,233,19.716276,48.3472,236074.0
newton,0,newton_s0,234,20.216370,48.5512,245013.0
newton,0,newton_s0,235,19.054743,48.7570,242767.0
newton,0,newton_s0,236,18.524946,48.9676,237961.0
newton,0,newton_s0,237,18.569033,49.1714,245426.0
newton,0,newton_s0,238,18.863386,49.3911,227614.0
newton,0,newton_s0,239,18.134190,49.6006,239358.0
newton,0,newton_s0,240,17.726694,49.8087,240440.0
newton,0,newton_s0,241,18.343199,50.0106,247813.0
newton,0,newton_s0,242,20.149511,50.2186,241744.0
newton,0,newton_s0,243,19.675077,50.4298,237517.0
newton,0,newton_s0,244,18.963163,50.6446,232909.0
newton,0,newton_s0,245,20.860697,50.8593,233145.0
newton,0,newton_s0,246,20.091002,51.0737,233007.0
newton,0,newton_s0,247,20.578165,51.2871,234327.0
newton,0,newton_s0,248,20.604012,51.5148,219645.0
newton,0,newton_s0,249,20.567127,51.7286,233956.0
newton,0,newton_s0,250,20.946421,51.9355,241789.0
newton,0,newton_s0,251,20.312109,52.1522,233528.0
newton,0,newton_s0,252,20.814253,52.3643,235891.0
newton,0,newton_s0,253,21.957815,52.5746,237903.0
newton,0,newton_s0,254,21.458302,52.7905,238561.0
newton,0,newton_s0,255,21.256355,53.0040,234256.0
newton,0,newton_s0,256,22.196608,53.2165,234977.0
newton,0,newton_s0,257,22.227915,53.4298,234252.0
newton,0,newton_s0,258,22.100067,53.6434,233794.0
newton,0,newton_s0,259,21.962337,53.8494,242841.0
newton,0,newton_s0,260,22.121260,54.0595,238532.0
newton,0,newton_s0,261,23.131130,54.2695,238359.0
newton,0,newton_s0,262,22.590546,54.4757,242406.0
newton,0,newton_s0,263,22.528276,54.6845,239514.0
newton,0,newton_s0,264,23.020836,54.8907,242462.0
newton,0,newton_s0,265,23.588457,55.1025,236195.0
newton,0,newton_s0,266,23.713587,55.3068,244544.0
newton,0,newton_s0,267,23.859793,55.5207,233581.0
newton,0,newton_s0,268,22.873806,55.7318,236704.0
newton,0,newton_s0,269,23.699814,55.9383,242005.0
newton,0,newton_s0,270,23.882364,56.1444,242472.0
newton,0,newton_s0,271,23.819807,56.3562,236564.0
newton,0,newton_s0,272,23.946577,56.5675,236363.0
newton,0,newton_s0,273,24.300055,56.7786,237071.0
newton,0,newton_s0,274,24.661524,56.9820,246109.0
newton,0,newton_s0,275,24.550186,57.1914,239048.0
newton,0,newton_s0,276,24.286186,57.3933,247690.0
newton,0,newton_s0,277,24.611763,57.5962,246661.0
newton,0,newton_s0,278,25.227365,57.8038,248382.0
newton,0,newton_s0,279,25.274797,58.0102,242295.0
newton,0,newton_s0,280,25.006636,58.2189,240178.0
newton,0,newton_s0,281,25.249697,58.4239,244031.0
newton,0,newton_s0,282,25.308653,58.6267,246503.0
newton,0,newton_s0,283,25.936523,58.8328,242511.0
newton,0,newton_s0,284,25.946125,59.0399,241682.0
newton,0,newton_s0,285,25.636620,59.2461,242370.0
newton,0,newton_s0,286,25.483585,59.4577,236474.0
newton,0,newton_s0,287,25.735010,59.6658,240245.0
newton,0,newton_s0,288,25.686722,59.8754,238759.0
newton,0,newton_s0,289,26.012367,60.0908,232058.0
newton,0,newton_s0,290,26.436056,60.3010,237671.0
newton,0,newton_s0,291,26.247663,60.5060,243719.0
newton,0,newton_s0,292,26.554316,60.7177,236317.0
newton,0,newton_s0,293,26.476280,60.9311,234294.0
newton,0,newton_s0,294,26.616903,61.1423,236645.0
newton,0,newton_s0,295,26.852232,61.3477,243371.0
newton,0,newton_s0,296,26.736650,61.5634,231532.0
newton,0,newton_s0,297,27.079697,61.7735,237845.0
newton,0,newton_s0,298,26.714203,61.9891,231765.0
newton,0,newton_s0,299,27.193182,62.2066,229636.0
newton,1,newton_s1,0,-0.433077,0.0000,47416.0
newton,1,newton_s1,1,-0.885404,0.2193,231112.0
newton,1,newton_s1,2,-1.573034,0.4315,235564.0
newton,1,newton_s1,3,-2.441500,0.6392,240812.0
newton,1,newton_s1,4,-3.073447,0.8477,239827.0
newton,1,newton_s1,5,-3.624047,1.0551,240970.0
newton,1,newton_s1,6,-4.079926,1.2630,240401.0
newton,1,newton_s1,7,-4.464725,1.4726,238244.0
newton,1,newton_s1,8,-4.563813,1.6757,246086.0
newton,1,newton_s1,9,-5.169240,1.8843,239427.0
newton,1,newton_s1,10,-5.306118,2.0939,238704.0
newton,1,newton_s1,11,-5.473281,2.2987,244306.0
newton,1,newton_s1,12,-6.107344,2.5080,238902.0
newton,1,newton_s1,13,-6.378707,2.7131,243947.0
newton,1,newton_s1,14,-6.306565,2.9208,240839.0
newton,1,newton_s1,15,-6.210200,3.1331,235629.0
newton,1,newton_s1,16,-6.532875,3.3408,240887.0
newton,1,newton_s1,17,-6.155052,3.5477,241516.0
newton,1,newton_s1,18,-6.536648,3.7554,240365.0
newton,1,newton_s1,19,-6.700924,3.9648,238617.0
newton,1,newton_s1,20,-6.416039,4.1695,243922.0
newton,1,newton_s1,21,-6.164005,4.3809,236257.0
newton,1,newton_s1,22,-6.265796,4.5895,239529.0
newton,1,newton_s1,23,-6.680744,4.7953,242654.0
newton,1,newton_s1,24,-6.652707,4.9980,246628.0
newton,1,newton_s1,25,-7.339474,5.2137,239658.0
newton,1,newton_s1,26,-7.853634,5.4225,239250.0
newton,1,newton_s1,27,-7.074962,5.6258,246112.0
newton,1,newton_s1,28,-6.717963,5.8277,247407.0
newton,1,newton_s1,29,-7.070638,6.0358,240134.0
newton,1,newton_s1,30,-6.866496,6.2437,240348.0
newton,1,newton_s1,31,-7.042801,6.4461,246822.0
newton,1,newton_s1,32,-7.238538,6.6522,242376.0
newton,1,newton_s1,33,-6.633595,6.8584,242134.0
newton,1,newton_s1,34,-6.189991,7.0618,245711.0
newton,1,newton_s1,35,-6.540679,7.2697,240216.0
newton,1,newton_s1,36,-7.021358,7.4777,240110.0
newton,1,newton_s1,37,-7.268163,7.6818,244778.0
newton,1,newton_s1,38,-6.841169,7.8904,239405.0
newton,1,newton_s1,39,-6.098759,8.0943,245002.0
newton,1,newton_s1,40,-6.277107,8.3024,240033.0
newton,1,newton_s1,41,-6.614130,8.5043,247466.0
newton,1,newton_s1,42,-5.728835,8.7075,245826.0
newton,1,newton_s1,43,-4.879171,8.9122,244129.0
newton,1,newton_s1,44,-4.368593,9.1141,247373.0
newton,1,newton_s1,45,-3.549393,9.3170,246226.0
newton,1,newton_s1,46,-3.494742,9.5253,240062.0
newton,1,newton_s1,47,-3.205633,9.7321,241555.0
newton,1,newton_s1,48,-3.697789,9.9365,244242.0
newton,1,newton_s1,49,-3.065008,10.1440,240722.0
newton,1,newton_s1,50,-2.229151,10.3505,241948.0
newton,1,newton_s1,51,-1.572966,10.5631,237430.0
newton,1,newton_s1,52,-0.927486,10.7702,241082.0
newton,1,newton_s1,53,0.348874,10.9743,244837.0
newton,1,newton_s1,54,0.161667,11.1811,241821.0
newton,1,newton_s1,55,0.435215,11.3891,240464.0
newton,1,newton_s1,56,0.855119,11.5942,243755.0
newton,1,newton_s1,57,1.137693,11.8052,237126.0
newton,1,newton_s1,58,1.078809,12.0119,242013.0
newton,1,newton_s1,59,1.190902,12.2284,231673.0
newton,1,newton_s1,60,2.158179,12.4432,233074.0
newton,1,newton_s1,61,2.038888,12.6571,233846.0
newton,1,newton_s1,62,1.753750,12.8735,231141.0
newton,1,newton_s1,63,1.895150,13.0792,243302.0
newton,1,newton_s1,64,2.777239,13.2870,240780.0
newton,1,newton_s1,65,3.637457,13.4969,238713.0
newton,1,newton_s1,66,3.559838,13.7023,243468.0
newton,1,newton_s1,67,3.022928,13.9117,238863.0
newton,1,newton_s1,68,3.239178,14.1184,241821.0
newton,1,newton_s1,69,4.032006,14.3251,241704.0
newton,1,newton_s1,70,4.397968,14.5279,246529.0
newton,1,newton_s1,71,4.448958,14.7356,240636.0
newton,1,newton_s1,72,4.684194,14.9435,240387.0
newton,1,newton_s1,73,4.900230,15.1549,244401.0
newton,1,newton_s1,74,6.023914,15.3615,242439.0
newton,1,newton_s1,75,5.340333,15.5673,242905.0
newton,1,newton_s1,76,5.212531,15.7731,242858.0
newton,1,newton_s1,77,5.681604,15.9819,239086.0
newton,1,newton_s1,78,5.797305,16.1850,245926.0
newton,1,newton_s1,79,4.823599,16.3927,240528.0
newton,1,newton_s1,80,5.088074,16.5963,245298.0
newton,1,newton_s1,81,5.765505,16.8006,244510.0
newton,1,newton_s1,82,5.774263,17.0019,248203.0
newton,1,newton_s1,83,5.331088,17.2073,243843.0
newton,1,newton_s1,84,5.511269,17.4094,247128.0
newton,1,newton_s1,85,5.909652,17.6172,240503.0
newton,1,newton_s1,86,6.053778,17.8231,242857.0
newton,1,newton_s1,87,6.146194,18.0315,239822.0
newton,1,newton_s1,88,6.631857,18.2398,239892.0
newton,1,newton_s1,89,6.980245,18.4518,235539.0
newton,1,newton_s1,90,5.715572,18.6606,239175.0
newton,1,newton_s1,91,6.057803,18.8743,233640.0
newton,1,newton_s1,92,6.512228,19.0872,234378.0
newton,1,newton_s1,93,6.373829,19.2985,237278.0
newton,1,newton_s1,94,6.383801,19.5083,238512.0
newton,1,newton_s1,95,6.052015,19.7179,238332.0
newton,1,newton_s1,96,6.259078,19.9305,235265.0
newton,1,newton_s1,97,6.582901,20.1450,233573.0
newton,1,newton_s1,98,7.335202,20.3635,228629.0
newton,1,newton_s1,99,8.031920,20.5771,234066.0
newton,1,newton_s1,100,8.300458,20.7848,240373.0
newton,1,newton_s1,101,7.743817,20.9956,239330.0
newton,1,newton_s1,102,7.525037,21.2012,243062.0
newton,1,newton_s1,103,7.834825,21.4086,241374.0
newton,1,newton_s1,104,7.374609,21.6176,239373.0
newton,1,newton_s1,105,9.083870,21.8283,237546.0
newton,1,newton_s1,106,9.167044,22.0353,241242.0
newton,1,newton_s1,107,7.593384,22.2400,244008.0
newton,1,newton_s1,108,7.503588,22.4454,243554.0
newton,1,newton_s1,109,8.224072,22.6554,237937.0
newton,1,newton_s1,110,8.929487,22.8615,242260.0
newton,1,newton_s1,111,8.757332,23.0658,244524.0
newton,1,newton_s1,112,8.193024,23.2708,243632.0
newton,1,newton_s1,113,8.432331,23.4803,238445.0
newton,1,newton_s1,114,8.473433,23.6872,241429.0
newton,1,newton_s1,115,7.713811,23.8921,243814.0
newton,1,newton_s1,116,7.657785,24.0991,241299.0
newton,1,newton_s1,117,8.307197,24.3062,241160.0
newton,1,newton_s1,118,8.760774,24.5136,241219.0
newton,1,newton_s1,119,8.080987,24.7203,241820.0
newton,1,newton_s1,120,7.983331,24.9230,246616.0
newton,1,newton_s1,121,8.809521,25.1374,233186.0
newton,1,newton_s1,122,10.287517,25.3438,242135.0
newton,1,newton_s1,123,9.791627,25.5544,237264.0
newton,1,newton_s1,124,9.770338,25.7603,242697.0
newton,1,newton_s1,125,9.944439,25.9653,244017.0
newton,1,newton_s1,126,9.618852,26.1761,237203.0
newton,1,newton_s1,127,8.842436,26.3920,231515.0
newton,1,newton_s1,128,8.748761,26.6052,234741.0
newton,1,newton_s1,129,9.692913,26.8205,232543.0
newton,1,newton_s1,130,9.174061,27.0359,232505.0
newton,1,newton_s1,131,8.706620,27.2555,227642.0
newton,1,newton_s1,132,8.416767,27.4677,235908.0
newton,1,newton_s1,133,8.984217,27.6760,240244.0
newton,1,newton_s1,134,8.831918,27.8871,236624.0
newton,1,newton_s1,135,9.855350,28.0986,236959.0
newton,1,newton_s1,136,9.488264,28.3061,240936.0
newton,1,newton_s1,137,9.365745,28.5203,233282.0
newton,1,newton_s1,138,9.411806,28.7298,239265.0
newton,1,newton_s1,139,9.545377,28.9396,238504.0
newton,1,newton_s1,140,9.151100,29.1541,233303.0
newton,1,newton_s1,141,9.223993,29.3674,234496.0
newton,1,newton_s1,142,9.109104,29.5759,239583.0
newton,1,newton_s1,143,9.147047,29.7857,238467.0
newton,1,newton_s1,144,9.368979,29.9916,242601.0
newton,1,newton_s1,145,9.895915,30.1986,241112.0
newton,1,newton_s1,146,11.013037,30.4053,241719.0
newton,1,newton_s1,147,11.734979,30.6147,238477.0
newton,1,newton_s1,148,10.604944,30.8239,238882.0
newton,1,newton_s1,149,9.716487,31.0304,242237.0
newton,1,newton_s1,150,10.146668,31.2422,235930.0
newton,1,newton_s1,151,10.522763,31.4638,234635.0
newton,1,newton_s1,152,9.471000,31.6707,241907.0
newton,1,newton_s1,153,9.720905,31.8740,245722.0
newton,1,newton_s1,154,10.153985,32.0815,240570.0
newton,1,newton_s1,155,9.870485,32.2901,239362.0
newton,1,newton_s1,156,9.665149,32.4996,238459.0
newton,1,newton_s1,157,9.898223,32.7095,238024.0
newton,1,newton_s1,158,10.357955,32.9176,240125.0
newton,1,newton_s1,159,10.164405,33.1262,239616.0
newton,1,newton_s1,160,9.972829,33.3349,239946.0
newton,1,newton_s1,161,9.694684,33.5483,234627.0
newton,1,newton_s1,162,9.960173,33.7642,231954.0
newton,1,newton_s1,163,10.555685,33.9780,233727.0
newton,1,newton_s1,164,10.628922,34.1850,241392.0
newton,1,newton_s1,165,10.289522,34.3944,239068.0
newton,1,newton_s1,166,9.609021,34.6021,241073.0
newton,1,newton_s1,167,9.754697,34.8049,246357.0
newton,1,newton_s1,168,9.827666,35.0218,230908.0
newton,1,newton_s1,169,10.708265,35.2353,234028.0
newton,1,newton_s1,170,11.039491,35.4448,238662.0
newton,1,newton_s1,171,11.163724,35.6576,234782.0
newton,1,newton_s1,172,10.279173,35.8712,234158.0
newton,1,newton_s1,173,10.703085,36.0835,235860.0
newton,1,newton_s1,174,11.460243,36.2937,237731.0
newton,1,newton_s1,175,11.317359,36.5106,237275.0
newton,1,newton_s1,176,11.109649,36.7236,235110.0
newton,1,newton_s1,177,11.041178,36.9387,232390.0
newton,1,newton_s1,178,11.638170,37.1467,240384.0
newton,1,newton_s1,179,12.400087,37.3571,237712.0
newton,1,newton_s1,180,11.701266,37.5684,236694.0
newton,1,newton_s1,181,12.172217,37.7792,238646.0
newton,1,newton_s1,182,12.465657,37.9912,235928.0
newton,1,newton_s1,183,11.291893,38.2044,234503.0
newton,1,newton_s1,184,10.720763,38.4173,234553.0
newton,1,newton_s1,185,11.162210,38.6259,239511.0
newton,1,newton_s1,186,12.000545,38.8341,239930.0
newton,1,newton_s1,187,12.286408,39.0471,234523.0
newton,1,newton_s1,188,11.660871,39.2542,241243.0
newton,1,newton_s1,189,10.911539,39.4613,241141.0
newton,1,newton_s1,190,11.245678,39.6680,241650.0
newton,1,newton_s1,191,11.350519,39.8731,243562.0
newton,1,newton_s1,192,12.290366,40.0822,238960.0
newton,1,newton_s1,193,11.932840,40.2868,244255.0
newton,1,newton_s1,194,11.537745,40.4939,241358.0
newton,1,newton_s1,195,11.663587,40.6992,243346.0
newton,1,newton_s1,196,11.261649,40.9066,240793.0
newton,1,newton_s1,197,11.418674,41.1130,241931.0
newton,1,newton_s1,198,12.028865,41.3154,246829.0
newton,1,newton_s1,199,12.163116,41.5216,242146.0
newton,1,newton_s1,200,11.616427,41.7257,244655.0
newton,1,newton_s1,201,12.444850,41.9339,242605.0
newton,1,newton_s1,202,12.906732,42.1391,243282.0
newton,1,newton_s1,203,12.566226,42.3520,234496.0
newton,1,newton_s1,204,12.903788,42.5667,232775.0
newton,1,newton_s1,205,12.962468,42.7791,235925.0
newton,1,newton_s1,206,12.827135,42.9930,233607.0
newton,1,newton_s1,207,12.788516,43.2038,237198.0
newton,1,newton_s1,208,12.513590,43.4129,239481.0
newton,1,newton_s1,209,13.261835,43.6191,242735.0
newton,1,newton_s1,210,13.405294,43.8304,236644.0
newton,1,newton_s1,211,12.902558,44.0422,236334.0
newton,1,newton_s1,212,12.495145,44.2540,236172.0
newton,1,newton_s1,213,12.806273,44.4658,235907.0
newton,1,newton_s1,214,13.733392,44.6825,230589.0
newton,1,newton_s1,215,13.036886,44.8932,237449.0
newton,1,newton_s1,216,12.823213,45.1090,231767.0
newton,1,newton_s1,217,13.967978,45.3232,233378.0
newton,1,newton_s1,218,14.040359,45.5375,233161.0
newton,1,newton_s1,219,12.206964,45.7534,231359.0
newton,1,newton_s1,220,14.039886,45.9633,238003.0
newton,1,newton_s1,221,13.411706,46.1768,233882.0
newton,1,newton_s1,222,12.845477,46.3853,239682.0
newton,1,newton_s1,223,13.658330,46.6024,231327.0
newton,1,newton_s1,224,12.845319,46.8140,236058.0
newton,1,newton_s1,225,12.798244,47.0238,238278.0
newton,1,newton_s1,226,14.453544,47.2365,235078.0
newton,1,newton_s1,227,15.203979,47.4471,237919.0
newton,1,newton_s1,228,14.149127,47.6586,236281.0
newton,1,newton_s1,229,12.798150,47.8680,238649.0
newton,1,newton_s1,230,13.083304,48.0779,238168.0
newton,1,newton_s1,231,13.573355,48.2880,237869.0
newton,1,newton_s1,232,13.688783,48.4959,240561.0
newton,1,newton_s1,233,13.295066,48.7084,235207.0
newton,1,newton_s1,234,14.190750,48.9278,227791.0
newton,1,newton_s1,235,14.989444,49.1420,233188.0
newton,1,newton_s1,236,15.516167,49.3570,232383.0
newton,1,newton_s1,237,14.386908,49.5717,232630.0
newton,1,newton_s1,238,14.039201,49.7876,231409.0
newton,1,newton_s1,239,14.904163,49.9985,236737.0
newton,1,newton_s1,240,14.942876,50.2107,235904.0
newton,1,newton_s1,241,14.692767,50.4242,233957.0
newton,1,newton_s1,242,14.667967,50.6394,232925.0
newton,1,newton_s1,243,15.269889,50.8542,234092.0
newton,1,newton_s1,244,15.215065,51.0696,232397.0
newton,1,newton_s1,245,14.917970,51.2784,240691.0
newton,1,newton_s1,246,14.327722,51.4994,226204.0
newton,1,newton_s1,247,15.290071,51.7093,238132.0
newton,1,newton_s1,248,14.671946,51.9245,232246.0
newton,1,newton_s1,249,14.798801,52.1350,237589.0
newton,1,newton_s1,250,15.548584,52.3421,241305.0
newton,1,newton_s1,251,15.435892,52.5558,236694.0
newton,1,newton_s1,252,15.286840,52.7678,236079.0
newton,1,newton_s1,253,15.096827,52.9810,234895.0
newton,1,newton_s1,254,15.494511,53.1930,236156.0
newton,1,newton_s1,255,16.330256,53.4076,233066.0
newton,1,newton_s1,256,15.191781,53.6199,235826.0
newton,1,newton_s1,257,15.217015,53.8360,231520.0
newton,1,newton_s1,258,16.209240,54.0528,230766.0
newton,1,newton_s1,259,15.835031,54.2711,229052.0
newton,1,newton_s1,260,14.906981,54.4900,228509.0
newton,1,newton_s1,261,16.354641,54.7031,234731.0
newton,1,newton_s1,262,14.857502,54.9205,229888.0
newton,1,newton_s1,263,14.256525,55.1320,236167.0
newton,1,newton_s1,264,14.905781,55.3407,239342.0
newton,1,newton_s1,265,15.623455,55.5558,232136.0
newton,1,newton_s1,266,16.580214,55.7688,234892.0
newton,1,newton_s1,267,17.372252,55.9786,238210.0
newton,1,newton_s1,268,17.625074,56.1863,240939.0
newton,1,newton_s1,269,17.273540,56.3986,235463.0
newton,1,newton_s1,270,16.503923,56.6067,240211.0
newton,1,newton_s1,271,15.761739,56.8197,234432.0
newton,1,newton_s1,272,15.652092,57.0366,230262.0
newton,1,newton_s1,273,16.212620,57.2465,238058.0
newton,1,newton_s1,274,16.005066,57.4564,237999.0
newton,1,newton_s1,275,15.702181,57.6688,235570.0
newton,1,newton_s1,276,16.090212,57.8859,230312.0
newton,1,newton_s1,277,16.881716,58.1007,233137.0
newton,1,newton_s1,278,17.023117,58.3194,228515.0
newton,1,newton_s1,279,17.938295,58.5327,234073.0
newton,1,newton_s1,280,16.290012,58.7470,233178.0
newton,1,newton_s1,281,16.514189,58.9610,241403.0
newton,1,newton_s1,282,16.925903,59.1737,235077.0
newton,1,newton_s1,283,17.071968,59.3832,238577.0
newton,1,newton_s1,284,18.192949,59.5950,235809.0
newton,1,newton_s1,285,17.716562,59.8052,237904.0
newton,1,newton_s1,286,16.628456,60.0194,233628.0
newton,1,newton_s1,287,16.070425,60.2290,239738.0
newton,1,newton_s1,288,17.591869,60.4428,233759.0
newton,1,newton_s1,289,17.667049,60.6513,239681.0
newton,1,newton_s1,290,16.299976,60.8610,238082.0
newton,1,newton_s1,291,16.684477,61.0684,240975.0
newton,1,newton_s1,292,16.765146,61.2731,244168.0
newton,1,newton_s1,293,18.173269,61.4859,234771.0
newton,1,newton_s1,294,18.457781,61.6961,238361.0
newton,1,newton_s1,295,16.460356,61.9032,241330.0
newton,1,newton_s1,296,17.655306,62.1151,235774.0
newton,1,newton_s1,297,17.202127,62.3290,233614.0
newton,1,newton_s1,298,16.689770,62.5407,236075.0
newton,1,newton_s1,299,18.442369,62.7538,234673.0
newton,2,newton_s2,0,-0.538601,0.0000,47083.0
newton,2,newton_s2,1,-0.985993,0.2123,239112.0
newton,2,newton_s2,2,-1.700327,0.4298,229927.0
newton,2,newton_s2,3,-2.270772,0.6462,231190.0
newton,2,newton_s2,4,-3.391136,0.8592,234865.0
newton,2,newton_s2,5,-3.998334,1.0732,233875.0
newton,2,newton_s2,6,-4.579514,1.2893,231586.0
newton,2,newton_s2,7,-5.673460,1.5051,231906.0
newton,2,newton_s2,8,-5.970533,1.7188,234055.0
newton,2,newton_s2,9,-5.889942,1.9226,245548.0
newton,2,newton_s2,10,-6.072534,2.1353,235157.0
newton,2,newton_s2,11,-6.570130,2.3496,233301.0
newton,2,newton_s2,12,-6.417583,2.5625,234709.0
newton,2,newton_s2,13,-6.581914,2.7736,236798.0
newton,2,newton_s2,14,-6.580486,2.9860,235396.0
newton,2,newton_s2,15,-6.401662,3.1939,240903.0
newton,2,newton_s2,16,-6.833682,3.4048,236821.0
newton,2,newton_s2,17,-6.982790,3.6099,243855.0
newton,2,newton_s2,18,-7.352902,3.8181,240118.0
newton,2,newton_s2,19,-7.677801,4.0237,243078.0
newton,2,newton_s2,20,-7.671223,4.2369,234774.0
newton,2,newton_s2,21,-7.283033,4.4463,238413.0
newton,2,newton_s2,22,-6.991551,4.6547,240063.0
newton,2,newton_s2,23,-7.457822,4.8615,241598.0
newton,2,newton_s2,24,-7.888768,5.0731,236413.0
newton,2,newton_s2,25,-7.773478,5.2822,238964.0
newton,2,newton_s2,26,-8.421450,5.4925,237680.0
newton,2,newton_s2,27,-8.616182,5.6954,246218.0
newton,2,newton_s2,28,-8.441296,5.8970,247898.0
newton,2,newton_s2,29,-7.927492,6.1049,240276.0
newton,2,newton_s2,30,-8.348841,6.3133,240072.0
newton,2,newton_s2,31,-8.515321,6.5255,235247.0
newton,2,newton_s2,32,-8.226036,6.7331,240729.0
newton,2,newton_s2,33,-7.526809,6.9443,236679.0
newton,2,newton_s2,34,-7.429464,7.1489,244291.0
newton,2,newton_s2,35,-7.403126,7.3563,240767.0
newton,2,newton_s2,36,-7.402153,7.5619,243154.0
newton,2,newton_s2,37,-7.257690,7.7701,240125.0
newton,2,newton_s2,38,-7.429234,7.9791,239069.0
newton,2,newton_s2,39,-7.486978,8.1852,242578.0
newton,2,newton_s2,40,-7.750744,8.3999,232761.0
newton,2,newton_s2,41,-7.312437,8.6113,236240.0
newton,2,newton_s2,42,-7.828232,8.8176,242383.0
newton,2,newton_s2,43,-7.406707,9.0294,236064.0
newton,2,newton_s2,44,-5.831104,9.2419,235957.0
newton,2,newton_s2,45,-4.585528,9.4536,236176.0
newton,2,newton_s2,46,-4.985824,9.6654,235893.0
newton,2,newton_s2,47,-4.290145,9.8782,234779.0
newton,2,newton_s2,48,-3.642601,10.0911,234943.0
newton,2,newton_s2,49,-2.938339,10.3038,235221.0
newton,2,newton_s2,50,-2.210240,10.5154,236227.0
newton,2,newton_s2,51,-2.470648,10.7256,240274.0
newton,2,newton_s2,52,-1.614965,10.9355,238160.0
newton,2,newton_s2,53,-0.600335,11.1472,235982.0
newton,2,newton_s2,54,-1.013831,11.3591,236801.0
newton,2,newton_s2,55,-0.642950,11.5726,234043.0
newton,2,newton_s2,56,0.120326,11.7818,238938.0
newton,2,newton_s2,57,0.687196,11.9904,239545.0
newton,2,newton_s2,58,0.434753,12.1986,239874.0
newton,2,newton_s2,59,1.129489,12.4021,245515.0
newton,2,newton_s2,60,2.171146,12.6081,242894.0
newton,2,newton_s2,61,2.183719,12.8123,244782.0
newton,2,newton_s2,62,2.059279,13.0228,237239.0
newton,2,newton_s2,63,2.005746,13.2350,235789.0
newton,2,newton_s2,64,1.771326,13.4417,241842.0
newton,2,newton_s2,65,2.754769,13.6510,238676.0
newton,2,newton_s2,66,2.940488,13.8571,242411.0
newton,2,newton_s2,67,3.917118,14.0646,240922.0
newton,2,newton_s2,68,3.719249,14.2718,241225.0
newton,2,newton_s2,69,3.609748,14.4749,245950.0
newton,2,newton_s2,70,3.445992,14.6908,231339.0
newton,2,newton_s2,71,4.929240,14.8990,239915.0
newton,2,newton_s2,72,5.094537,15.1027,245215.0
newton,2,newton_s2,73,4.413498,15.3098,242151.0
newton,2,newton_s2,74,3.606436,15.5202,237391.0
newton,2,newton_s2,75,3.770708,15.7282,240178.0
newton,2,newton_s2,76,3.777014,15.9385,237546.0
newton,2,newton_s2,77,4.257364,16.1454,241583.0
newton,2,newton_s2,78,3.747634,16.3585,234292.0
newton,2,newton_s2,79,5.433898,16.5715,234431.0
newton,2,newton_s2,80,5.864326,16.7818,237622.0
newton,2,newton_s2,81,5.343259,16.9894,240779.0
newton,2,newton_s2,82,5.259063,17.1989,238458.0
newton,2,newton_s2,83,4.420198,17.4108,236253.0
newton,2,newton_s2,84,3.431068,17.6159,243563.0
newton,2,newton_s2,85,4.135608,17.8281,235320.0
newton,2,newton_s2,86,5.966503,18.0375,238617.0
newton,2,newton_s2,87,5.726633,18.2500,235066.0
newton,2,newton_s2,88,5.810908,18.4623,235266.0
newton,2,newton_s2,89,5.982796,18.6744,235618.0
newton,2,newton_s2,90,5.992088,18.8842,238244.0
newton,2,newton_s2,91,5.873495,19.0975,234271.0
newton,2,newton_s2,92,5.912818,19.3071,238724.0
newton,2,newton_s2,93,7.687870,19.5167,238306.0
newton,2,newton_s2,94,8.130327,19.7294,235126.0
newton,2,newton_s2,95,6.694838,19.9386,238952.0
newton,2,newton_s2,96,6.795505,20.1543,238802.0
newton,2,newton_s2,97,7.410280,20.3684,233652.0
newton,2,newton_s2,98,7.476649,20.5785,237863.0
newton,2,newton_s2,99,7.452477,20.7874,239249.0
newton,2,newton_s2,100,7.659749,20.9928,244268.0
newton,2,newton_s2,101,7.750173,21.2030,240425.0
newton,2,newton_s2,102,7.158207,21.4088,242788.0
newton,2,newton_s2,103,7.717725,21.6176,239490.0
newton,2,newton_s2,104,7.452192,21.8298,235521.0
newton,2,newton_s2,105,7.753860,22.0395,238412.0
newton,2,newton_s2,106,7.638516,22.2467,241367.0
newton,2,newton_s2,107,7.145566,22.4570,237818.0
newton,2,newton_s2,108,7.454707,22.6666,238430.0
newton,2,newton_s2,109,7.234630,22.8818,232194.0
newton,2,newton_s2,110,6.557697,23.0891,241222.0
newton,2,newton_s2,111,7.167442,23.2967,240510.0
newton,2,newton_s2,112,7.113586,23.5094,234978.0
newton,2,newton_s2,113,7.874449,23.7175,240403.0
newton,2,newton_s2,114,7.907602,23.9233,243001.0
newton,2,newton_s2,115,8.213241,24.1378,233099.0
newton,2,newton_s2,116,8.993876,24.3515,233858.0
newton,2,newton_s2,117,8.296772,24.5662,232858.0
newton,2,newton_s2,118,7.493583,24.7793,234946.0
newton,2,newton_s2,119,7.298395,24.9930,234705.0
newton,2,newton_s2,120,7.286005,25.2021,239202.0
newton,2,newton_s2,121,8.625336,25.4208,228734.0
newton,2,newton_s2,122,8.730338,25.6364,231934.0
newton,2,newton_s2,123,8.458086,25.8525,231356.0
newton,2,newton_s2,124,9.298878,26.0665,233424.0
newton,2,newton_s2,125,9.245816,26.2900,223601.0
newton,2,newton_s2,126,8.651523,26.5131,224563.0
newton,2,newton_s2,127,8.996285,26.7361,224010.0
newton,2,newton_s2,128,9.284621,26.9558,227473.0
newton,2,newton_s2,129,8.849305,27.1920,211224.0
newton,2,newton_s2,130,8.487794,27.4179,221679.0
newton,2,newton_s2,131,9.302886,27.6371,227932.0
newton,2,newton_s2,132,9.805919,27.8509,234646.0
newton,2,newton_s2,133,9.404831,28.0637,234658.0
newton,2,newton_s2,134,8.610156,28.2857,227445.0
newton,2,newton_s2,135,8.514271,28.5083,225096.0
newton,2,newton_s2,136,9.649549,28.7298,225370.0
newton,2,newton_s2,137,9.690768,28.9615,215675.0
newton,2,newton_s2,138,9.725379,29.1861,222726.0
newton,2,newton_s2,139,9.762097,29.4164,216955.0
newton,2,newton_s2,140,9.582516,29.6375,226241.0
newton,2,newton_s2,141,8.909249,29.8595,225232.0
newton,2,newton_s2,142,8.979199,30.0754,231539.0
newton,2,newton_s2,143,9.505524,30.2930,229813.0
newton,2,newton_s2,144,9.537449,30.5053,235240.0
newton,2,newton_s2,145,9.748591,30.7196,233579.0
newton,2,newton_s2,146,9.213426,30.9347,232176.0
newton,2,newton_s2,147,8.454611,31.1449,237600.0
newton,2,newton_s2,148,9.426014,31.3623,229687.0
newton,2,newton_s2,149,9.575410,31.5790,230249.0
newton,2,newton_s2,150,9.776479,31.7984,227661.0
newton,2,newton_s2,151,11.249347,32.0159,232263.0
newton,2,newton_s2,152,10.373190,32.2240,240029.0
newton,2,newton_s2,153,9.935216,32.4367,235534.0
newton,2,newton_s2,154,10.426150,32.6551,228732.0
newton,2,newton_s2,155,11.152751,32.8698,233322.0
newton,2,newton_s2,156,11.803043,33.0859,231210.0
newton,2,newton_s2,157,11.170135,33.3019,232100.0
newton,2,newton_s2,158,11.353010,33.5260,223734.0
newton,2,newton_s2,159,11.524381,33.7405,232921.0
newton,2,newton_s2,160,12.825383,33.9557,232112.0
newton,2,newton_s2,161,11.319628,34.1645,239431.0
newton,2,newton_s2,162,11.490531,34.3818,229795.0
newton,2,newton_s2,163,11.154574,34.6024,226803.0
newton,2,newton_s2,164,10.457247,34.8207,228718.0
newton,2,newton_s2,165,10.598616,35.0383,229471.0
newton,2,newton_s2,166,11.245115,35.2510,235187.0
newton,2,newton_s2,167,12.870102,35.4710,227494.0
newton,2,newton_s2,168,12.393697,35.6959,222242.0
newton,2,newton_s2,169,11.177757,35.9210,222368.0
newton,2,newton_s2,170,10.735529,36.1413,227461.0
newton,2,newton_s2,171,12.381814,36.3648,224000.0
newton,2,newton_s2,172,11.571326,36.6002,213009.0
newton,2,newton_s2,173,11.027743,36.8260,222071.0
newton,2,newton_s2,174,11.281130,37.0463,226881.0
newton,2,newton_s2,175,11.693960,37.2607,233207.0
newton,2,newton_s2,176,12.942302,37.4745,234057.0
newton,2,newton_s2,177,13.034827,37.6912,230768.0
newton,2,newton_s2,178,12.757168,37.9067,231994.0
newton,2,newton_s2,179,13.301642,38.1218,232588.0
newton,2,newton_s2,180,12.928282,38.3429,226942.0
newton,2,newton_s2,181,12.822629,38.5585,231680.0
newton,2,newton_s2,182,12.920685,38.7753,230637.0
newton,2,newton_s2,183,11.788237,38.9878,235116.0
newton,2,newton_s2,184,11.882730,39.2017,233703.0
newton,2,newton_s2,185,12.003387,39.4204,228738.0
newton,2,newton_s2,186,12.492290,39.6384,229670.0
newton,2,newton_s2,187,12.810322,39.8628,222848.0
newton,2,newton_s2,188,12.595370,40.0847,225340.0
newton,2,newton_s2,189,12.852522,40.3043,227263.0
newton,2,newton_s2,190,13.727026,40.5218,229801.0
newton,2,newton_s2,191,13.918299,40.7357,233398.0
newton,2,newton_s2,192,14.034688,40.9510,232068.0
newton,2,newton_s2,193,13.678389,41.1652,233622.0
newton,2,newton_s2,194,13.375648,41.3765,237271.0
newton,2,newton_s2,195,13.969625,41.5897,235041.0
newton,2,newton_s2,196,14.114236,41.8053,231978.0
newton,2,newton_s2,197,13.770041,42.0234,228931.0
newton,2,newton_s2,198,14.015887,42.2386,232142.0
newton,2,newton_s2,199,13.210329,42.4556,230010.0
newton,2,newton_s2,200,13.465083,42.6719,230857.0
newton,2,newton_s2,201,12.764729,42.8865,235057.0
newton,2,newton_s2,202,12.235925,43.0961,238346.0
newton,2,newton_s2,203,12.151713,43.3102,233386.0
newton,2,newton_s2,204,13.575613,43.5257,232500.0
newton,2,newton_s2,205,13.548861,43.7409,232222.0
newton,2,newton_s2,206,13.480673,43.9535,235177.0
newton,2,newton_s2,207,13.344293,44.1701,230959.0
newton,2,newton_s2,208,13.069538,44.3853,231933.0
newton,2,newton_s2,209,12.909006,44.5979,235113.0
newton,2,newton_s2,210,13.610293,44.8177,227555.0
newton,2,newton_s2,211,13.696290,45.0381,226601.0
newton,2,newton_s2,212,13.735410,45.2553,230028.0
newton,2,newton_s2,213,13.226533,45.4746,227766.0
newton,2,newton_s2,214,13.891721,45.6939,227831.0
newton,2,newton_s2,215,14.497313,45.9110,229957.0
newton,2,newton_s2,216,14.276648,46.1278,230357.0
newton,2,newton_s2,217,14.152898,46.3434,231561.0
newton,2,newton_s2,218,13.450723,46.5572,233556.0
newton,2,newton_s2,219,14.070996,46.7727,231643.0
newton,2,newton_s2,220,14.863925,46.9916,228828.0
newton,2,newton_s2,221,12.926116,47.2036,235976.0
newton,2,newton_s2,222,13.908968,47.4220,228914.0
newton,2,newton_s2,223,15.327402,47.6367,232710.0
newton,2,newton_s2,224,15.893587,47.8513,232899.0
newton,2,newton_s2,225,15.015464,48.0612,238111.0
newton,2,newton_s2,226,14.540633,48.2754,233179.0
newton,2,newton_s2,227,14.641737,48.4904,232389.0
newton,2,newton_s2,228,14.680241,48.7131,224562.0
newton,2,newton_s2,229,14.702698,48.9255,235658.0
newton,2,newton_s2,230,13.974012,49.1433,229437.0
newton,2,newton_s2,231,14.950855,49.3617,228735.0
newton,2,newton_s2,232,15.691395,49.5803,228743.0
newton,2,newton_s2,233,15.803067,49.7998,227883.0
newton,2,newton_s2,234,15.656303,50.0150,232133.0
newton,2,newton_s2,235,15.637314,50.2221,241236.0
newton,2,newton_s2,236,15.825819,50.4353,234234.0
newton,2,newton_s2,237,15.051973,50.6556,226606.0
newton,2,newton_s2,238,14.943767,50.8686,234320.0
newton,2,newton_s2,239,15.386774,51.0775,239148.0
newton,2,newton_s2,240,15.401081,51.2950,229627.0
newton,2,newton_s2,241,16.054447,51.5107,231571.0
newton,2,newton_s2,242,15.925039,51.7255,233056.0
newton,2,newton_s2,243,15.315200,51.9379,235421.0
newton,2,newton_s2,244,14.370314,52.1459,240174.0
newton,2,newton_s2,245,14.196029,52.3597,234230.0
newton,2,newton_s2,246,14.702414,52.5784,229064.0
newton,2,newton_s2,247,14.316400,52.7943,231816.0
newton,2,newton_s2,248,14.048546,53.0063,235954.0
newton,2,newton_s2,249,14.450130,53.2199,233892.0
newton,2,newton_s2,250,14.522068,53.4393,227959.0
newton,2,newton_s2,251,15.431371,53.6650,223701.0
newton,2,newton_s2,252,16.388748,53.8850,227481.0
newton,2,newton_s2,253,16.708162,54.0993,233352.0
newton,2,newton_s2,254,16.617874,54.3175,229160.0
newton,2,newton_s2,255,15.938539,54.5363,228312.0
newton,2,newton_s2,256,16.612497,54.7561,227425.0
newton,2,newton_s2,257,16.395971,54.9773,225702.0
newton,2,newton_s2,258,15.679979,55.1928,231967.0
newton,2,newton_s2,259,15.215698,55.4056,234916.0
newton,2,newton_s2,260,15.337941,55.6309,221616.0
newton,2,newton_s2,261,16.313135,55.8557,222167.0
newton,2,newton_s2,262,16.069124,56.0774,225961.0
newton,2,newton_s2,263,16.544094,56.2976,226675.0
newton,2,newton_s2,264,17.584888,56.5150,229910.0
newton,2,newton_s2,265,16.419930,56.7298,232832.0
newton,2,newton_s2,266,16.388716,56.9444,233166.0
newton,2,newton_s2,267,15.635793,57.1514,241460.0
newton,2,newton_s2,268,15.466750,57.3641,234816.0
newton,2,newton_s2,269,15.768840,57.5777,234077.0
newton,2,newton_s2,270,15.388839,57.7889,236713.0
newton,2,newton_s2,271,15.651296,58.0002,236466.0
newton,2,newton_s2,272,14.983334,58.2188,228433.0
newton,2,newton_s2,273,15.944748,58.4354,230793.0
newton,2,newton_s2,274,16.311522,58.6500,233099.0
newton,2,newton_s2,275,17.260279,58.8644,233049.0
newton,2,newton_s2,276,17.690989,59.0779,234358.0
newton,2,newton_s2,277,18.192862,59.2931,232944.0
newton,2,newton_s2,278,17.035498,59.5073,233124.0
newton,2,newton_s2,279,16.553114,59.7269,227769.0
newton,2,newton_s2,280,16.462767,59.9382,236683.0
newton,2,newton_s2,281,17.453403,60.1503,236197.0
newton,2,newton_s2,282,17.260084,60.3677,230271.0
newton,2,newton_s2,283,17.347286,60.5880,227080.0
newton,2,newton_s2,284,16.996063,60.7995,236811.0
newton,2,newton_s2,285,18.266336,61.0099,237725.0
newton,2,newton_s2,286,17.560261,61.2205,237173.0
newton,2,newton_s2,287,18.053665,61.4395,228026.0
newton,2,newton_s2,288,18.226101,61.6613,225759.0
newton,2,newton_s2,289,18.259739,61.8709,238565.0
newton,2,newton_s2,290,17.752636,62.0878,230533.0
newton,2,newton_s2,291,17.516596,62.3041,230904.0
newton,2,newton_s2,292,17.262148,62.5203,231000.0
newton,2,newton_s2,293,17.889805,62.7436,223612.0
newton,2,newton_s2,294,18.702587,62.9593,231361.0
newton,2,newton_s2,295,18.216188,63.1718,235037.0
newton,2,newton_s2,296,18.369967,63.3922,226677.0
newton,2,newton_s2,297,17.518282,63.6119,227283.0
newton,2,newton_s2,298,18.775526,63.8325,226867.0
newton,2,newton_s2,299,19.785358,64.0486,231238.0
